request_id,master_id,worker_id,query,start_time,end_time,latency,gpu_utilization,throughput,status,error
0,1,0,Explain gradient descent,1778520352.6021209,1778520353.747145,1.145024061203003,5,,success,
1,1,0,Explain gradient descent,1778520353.4353132,1778520354.928012,1.4926986694335938,5,,success,
2,1,0,What is Kubernetes?,1778520354.394877,1778520356.0226035,1.6277265548706055,5,,success,
3,1,0,Explain gradient descent,1778520355.1773279,1778520357.1939874,2.0166594982147217,4,,success,
4,1,0,Difference between TCP and UDP,1778520356.0355115,1778520358.2917342,2.256222724914551,5,,success,
5,1,0,What is a deadlock?,1778520356.8969944,1778520359.7832007,2.8862063884735107,4,,success,
6,1,0,Difference between TCP and UDP,1778520357.835876,1778520360.9157414,3.0798654556274414,5,,success,
7,1,0,How does hashing work?,1778520358.6695945,1778520362.4275887,3.7579941749572754,5,,success,
8,1,0,Define neural networks,1778520359.5543227,1778520363.4948862,3.940563440322876,5,,success,
9,1,0,What is concurrency vs parallelism?,1778520360.3964806,1778520364.685796,4.289315462112427,5,,success,
10,1,0,What is distributed computing?,1778520361.2136588,1778520366.5437837,5.330124855041504,4,,success,
11,1,0,Explain REST API design,1778520362.0403156,1778520367.8487158,5.8084001541137695,5,,success,
12,1,0,Explain Docker containers,1778520362.9511766,1778520368.9101279,5.958951234817505,5,,success,
13,1,0,What is microservices architecture?,1778520363.7714522,1778520370.0187123,6.247260093688965,5,,success,
14,1,0,Explain gradient descent,1778520364.593113,1778520371.2306454,6.637532472610474,5,,success,
15,1,0,Explain MapReduce,1778520365.4071755,1778520372.5276067,7.120431184768677,5,,success,
16,1,0,What is Kubernetes?,1778520366.2127886,1778520373.865887,7.6530983448028564,4,,success,
17,1,0,Explain gradient descent,1778520367.0508633,1778520375.3007572,8.2498939037323,4,,success,
18,1,0,What is microservices architecture?,1778520367.7883835,1778520376.4916062,8.703222751617432,5,,success,
19,1,0,Define neural networks,1778520368.7154808,1778520377.6819603,8.966479539871216,4,,success,
20,1,0,What is a deadlock?,1778520369.604025,1778520379.1546462,9.550621271133423,5,,success,
21,1,0,What is a blockchain?,1778520370.4280972,1778520380.356842,9.928744792938232,5,,success,
22,1,0,How does hashing work?,1778520371.19347,1778520381.8634634,10.66999340057373,5,,success,
23,1,0,Explain MapReduce,1778520372.0615275,1778520383.2270002,11.165472745895386,5,,success,
24,1,0,What is a deadlock?,1778520373.0024772,1778520384.6538334,11.651356220245361,5,,success,
25,1,0,Difference between TCP and UDP,1778520374.1171236,1778520386.0225902,11.905466556549072,4,,success,
26,1,0,How does hashing work?,1778520375.0776489,1778520387.6496665,12.572017669677734,5,,success,
27,1,0,How does GPU scheduling work?,1778520375.7998471,1778520388.9903538,13.19050669670105,4,,success,
28,1,0,Explain REST API design,1778520376.5652215,1778520390.3033664,13.738144874572754,5,,success,
29,1,0,Explain gradient descent,1778520377.3051155,1778520391.7429428,14.437827348709106,4,,success,
30,1,0,What is distributed computing?,1778520378.0976207,1778520393.3883677,15.290746927261353,5,,success,
31,1,0,What is a blockchain?,1778520378.9283483,1778520394.5998502,15.671501874923706,5,,success,
32,1,0,How does GPU scheduling work?,1778520379.8364446,1778520395.8023112,15.965866565704346,5,,success,
33,1,0,What is concurrency vs parallelism?,1778520380.6113508,1778520396.9070716,16.29572081565857,5,,success,
34,1,0,Define neural networks,1778520381.7715223,1778520398.2254083,16.453886032104492,4,,success,
35,1,0,Explain gradient descent,1778520382.512067,1778520399.47338,16.961313009262085,5,,success,
36,1,0,What is a deadlock?,1778520383.3246975,1778520400.8773122,17.55261468887329,5,,success,
37,1,0,How does GPU scheduling work?,1778520384.1298988,1778520402.0459597,17.91606092453003,5,,success,
38,1,0,What is a deadlock?,1778520384.852006,1778520403.6947443,18.842738389968872,4,,success,
39,1,0,Explain gradient descent,1778520385.6024313,1778520404.9630291,19.360597848892212,5,,success,
40,1,0,What is Kubernetes?,1778520386.4307618,1778520406.2774143,19.846652507781982,4,,success,
41,1,0,Define neural networks,1778520387.1856835,1778520407.4340336,20.248350143432617,5,,success,
42,1,0,Explain Docker containers,1778520388.1466877,1778520408.5397065,20.39301872253418,5,,success,
43,1,0,What is a blockchain?,1778520388.9970946,1778520409.8786397,20.881545066833496,4,,success,
44,1,0,What is a deadlock?,1778520389.7557464,1778520411.4711664,21.71542000770569,4,,success,
45,1,0,Difference between TCP and UDP,1778520391.3231206,1778520412.6098099,21.286689281463623,5,,success,
46,1,0,What is load balancing?,1778520392.9690697,1778520414.1873012,21.218231439590454,5,,success,
47,1,0,Difference between TCP and UDP,1778520395.1078632,1778520415.2281907,20.120327472686768,5,,success,
48,1,0,Difference between TCP and UDP,1778520395.8131485,1778520416.3286052,20.515456676483154,4,,success,
49,1,0,How does GPU scheduling work?,1778520396.522709,1778520417.605317,21.082608222961426,5,,success,
50,1,0,What is a blockchain?,1778520397.382971,1778520418.9607744,21.577803373336792,3,,success,
51,1,0,Define neural networks,1778520399.2966013,1778520420.0754974,20.77889609336853,5,,success,
52,1,0,Explain REST API design,1778520401.024988,1778520421.3889997,20.364011764526367,5,,success,
53,1,0,Explain MapReduce,1778520402.6596966,1778520422.6766186,20.016921997070312,5,,success,
54,1,0,What is a blockchain?,1778520403.703422,1778520423.7881863,20.08476424217224,5,,success,
55,1,0,What is a blockchain?,1778520404.6386542,1778520425.2458944,20.607240200042725,4,,success,
56,1,0,Explain gradient descent,1778520405.584356,1778520426.4003363,20.815980195999146,5,,success,
57,1,0,How does hashing work?,1778520406.5201135,1778520428.129882,21.609768629074097,4,,success,
58,1,0,What is a blockchain?,1778520407.5006075,1778520429.279308,21.778700590133667,5,,success,
59,1,0,What is load balancing?,1778520408.381693,1778520431.0002835,22.618590593338013,5,,success,
60,1,0,What is microservices architecture?,1778520409.186734,1778520432.0791512,22.892417192459106,5,,success,
67,N/A,N/A,Explain MapReduce,0,0,0,0,0,failed,"Request 67 failed after master reassignment attempts: Master 1 API error: {""detail"":""Request 67 failed after reassignment attempts: None""}"
61,1,0,Explain REST API design,1778520410.0209506,1778520433.36793,23.34697937965393,5,,success,
70,N/A,N/A,What is microservices architecture?,0,0,0,0,0,failed,"Request 70 failed after master reassignment attempts: Master 1 API error: {""detail"":""Request 70 failed after reassignment attempts: None""}"
68,N/A,N/A,What is a blockchain?,0,0,0,0,0,failed,"Request 68 failed after master reassignment attempts: Master 1 API error: {""detail"":""Request 68 failed after reassignment attempts: None""}"
74,N/A,N/A,What is a deadlock?,0,0,0,0,0,failed,"Request 74 failed after master reassignment attempts: Master 1 API error: {""detail"":""Request 74 failed after reassignment attempts: None""}"
62,1,0,How does GPU scheduling work?,1778520411.0313272,1778520434.8630495,23.831722259521484,4,,success,
63,1,0,What is load balancing?,1778520412.2212098,1778520436.481025,24.259815216064453,5,,success,
64,1,0,Explain Docker containers,1778520412.946199,1778520437.5549881,24.608789205551147,5,,success,
65,1,0,What is Kubernetes?,1778520414.4914799,1778520438.6265202,24.135040283203125,5,,success,
66,1,0,Define neural networks,1778520416.7188413,1778520439.7066,22.98775863647461,5,,success,
69,1,0,Explain REST API design,1778520422.4656494,1778520441.1009336,18.635284185409546,4,,success,
71,1,0,How does GPU scheduling work?,1778520424.201119,1778520442.3131533,18.1120343208313,5,,success,
72,1,0,What is a blockchain?,1778520425.3727612,1778520443.6899421,18.3171808719635,4,,success,
73,1,0,Difference between TCP and UDP,1778520427.4141655,1778520444.9467576,17.532592058181763,4,,success,
75,1,0,What is concurrency vs parallelism?,1778520429.414566,1778520446.1972795,16.782713413238525,4,,success,
76,1,0,What is concurrency vs parallelism?,1778520430.2141578,1778520447.4345095,17.220351696014404,4,,success,
77,1,0,What is distributed computing?,1778520431.02538,1778520448.9756951,17.950315237045288,5,,success,
78,1,0,How does GPU scheduling work?,1778520431.7685351,1778520450.1798375,18.41130232810974,5,,success,
79,1,0,What is a deadlock?,1778520432.7133682,1778520451.6269028,18.91353464126587,5,,success,
83,1,0,What is Kubernetes?,1778520433.6459808,1778520452.614174,18.96819305419922,5,,success,
82,1,0,Difference between TCP and UDP,1778520434.5863602,1778520453.6597033,19.07334303855896,5,,success,
81,1,0,What is concurrency vs parallelism?,1778520435.344938,1778520454.9584687,19.61353063583374,4,,success,
80,1,0,What is distributed computing?,1778520436.190804,1778520456.898267,20.707463026046753,4,,success,
84,1,0,Define neural networks,1778520436.8929892,1778520458.029856,21.136866807937622,5,,success,
85,1,0,Explain gradient descent,1778520437.8488111,1778520459.2571979,21.408386707305908,5,,success,
86,1,0,How does GPU scheduling work?,1778520438.681516,1778520460.3960238,21.714507818222046,5,,success,
87,1,0,Explain MapReduce,1778520439.409865,1778520461.7392945,22.329429626464844,5,,success,
88,1,0,How does hashing work?,1778520440.3639412,1778520463.2306502,22.866708993911743,5,,success,
89,1,0,Explain MapReduce,1778520441.1598978,1778520464.5881867,23.42828893661499,5,,success,
90,1,0,Explain REST API design,1778520441.9959097,1778520465.9298573,23.933947563171387,5,,success,
91,1,0,Difference between TCP and UDP,1778520442.7917728,1778520466.9495707,24.157797813415527,5,,success,
92,1,0,How does GPU scheduling work?,1778520443.6470842,1778520468.0811555,24.43407130241394,5,,success,
93,1,0,What is a blockchain?,1778520444.6914349,1778520469.2002678,24.508832931518555,4,,success,
94,1,0,Explain Docker containers,1778520445.542573,1778520470.569523,25.026950120925903,4,,success,
95,1,0,What is Kubernetes?,1778520446.3757236,1778520471.67473,25.299006462097168,5,,success,
96,1,0,Explain MapReduce,1778520447.123612,1778520473.001293,25.877681016921997,5,,success,
97,1,0,Explain MapReduce,1778520447.9966576,1778520474.440645,26.443987369537354,5,,success,
98,1,0,What is a blockchain?,1778520448.8273392,1778520475.597644,26.770304918289185,5,,success,
99,1,0,Explain Docker containers,1778520449.543375,1778520476.6427455,27.09937047958374,5,,success,
