request_id,worker_id,query,start_time,end_time,latency,status,error
3,3,Query 3,1777504900.5473793,1777504900.850058,0.30267882347106934,success,
4,3,Query 4,1777504900.5473793,1777504900.850058,0.30267882347106934,success,
5,3,Query 5,1777504900.5473793,1777504900.850058,0.30267882347106934,success,
8,3,Query 8,1777504900.549667,1777504900.85123,0.301563024520874,success,
9,3,Query 9,1777504900.550701,1777504900.85123,0.30052900314331055,success,
15,3,Query 15,1777504900.550701,1777504900.8522365,0.30153560638427734,success,
19,3,Query 19,1777504900.5517075,1777504900.8527408,0.30103325843811035,success,
11,3,Query 11,1777504900.5501742,1777504900.8527408,0.3025665283203125,success,
16,3,Query 16,1777504900.550701,1777504900.8527408,0.30203986167907715,success,
24,3,Query 24,1777504900.5527096,1777504900.8537698,0.30106019973754883,success,
21,3,Query 21,1777504900.5517075,1777504900.8537698,0.3020622730255127,success,
23,3,Query 23,1777504900.5517075,1777504900.8537698,0.3020622730255127,success,
33,3,Query 33,1777504900.5537078,1777504900.8543088,0.3006010055541992,success,
31,3,Query 31,1777504900.5537078,1777504900.8543088,0.3006010055541992,success,
29,3,Query 29,1777504900.5527096,1777504900.8543088,0.30159926414489746,success,
28,3,Query 28,1777504900.5527096,1777504900.8543088,0.30159926414489746,success,
36,3,Query 36,1777504900.5537078,1777504900.8548265,0.3011186122894287,success,
37,3,Query 37,1777504900.5537078,1777504900.8548265,0.3011186122894287,success,
44,3,Query 44,1777504900.555708,1777504900.8563492,0.3006412982940674,success,
41,3,Query 41,1777504900.5547078,1777504900.8563492,0.30164146423339844,success,
40,3,Query 40,1777504900.5547078,1777504900.8568597,0.3021519184112549,success,
46,3,Query 46,1777504900.5572155,1777504900.8583968,0.3011813163757324,success,
48,3,Query 48,1777504900.5597384,1777504900.8609402,0.30120182037353516,success,
49,3,Query 49,1777504900.5607479,1777504900.8614788,0.30073094367980957,success,
53,3,Query 53,1777504900.562043,1777504900.8629878,0.30094480514526367,success,
55,3,Query 55,1777504900.562043,1777504900.8629878,0.30094480514526367,success,
57,3,Query 57,1777504900.5630498,1777504900.8640118,0.300961971282959,success,
58,3,Query 58,1777504900.56405,1777504900.8655453,0.3014953136444092,success,
61,3,Query 61,1777504900.56405,1777504900.8655453,0.3014953136444092,success,
64,3,Query 64,1777504900.56405,1777504900.8660572,0.30200719833374023,success,
67,3,Query 67,1777504900.5650513,1777504900.8660572,0.30100584030151367,success,
63,3,Query 63,1777504900.5650513,1777504900.8660572,0.30100584030151367,success,
69,3,Query 69,1777504900.5650513,1777504900.866576,0.30152463912963867,success,
71,3,Query 71,1777504900.5650513,1777504900.8670948,0.30204343795776367,success,
73,3,Query 73,1777504900.5650513,1777504900.8670948,0.30204343795776367,success,
74,3,Query 74,1777504900.566567,1777504900.8676138,0.30104684829711914,success,
78,3,Query 78,1777504900.5675735,1777504900.8691287,0.30155515670776367,success,
79,3,Query 79,1777504900.5675735,1777504900.8691287,0.30155515670776367,success,
80,3,Query 80,1777504900.568573,1777504900.869681,0.30110788345336914,success,
83,3,Query 83,1777504900.568573,1777504900.8701968,0.3016238212585449,success,
86,3,Query 86,1777504900.568573,1777504900.8707104,0.3021373748779297,success,
87,3,Query 87,1777504900.568573,1777504900.8707104,0.3021373748779297,success,
90,3,Query 90,1777504900.5700777,1777504900.8712246,0.3011469841003418,success,
91,3,Query 91,1777504900.5700777,1777504900.8712246,0.3011469841003418,success,
94,3,Query 94,1777504900.5714982,1777504900.8727796,0.3012814521789551,success,
96,3,Query 96,1777504900.5714982,1777504900.873299,0.3018007278442383,success,
98,3,Query 98,1777504900.5727878,1777504900.8738217,0.30103397369384766,success,
99,3,Query 99,1777504900.5727878,1777504900.8738217,0.30103397369384766,success,
103,3,Query 103,1777504900.5727878,1777504900.8743405,0.30155277252197266,success,
104,3,Query 104,1777504900.573798,1777504900.8748596,0.30106163024902344,success,
106,3,Query 106,1777504900.573798,1777504900.8753684,0.30157041549682617,success,
108,3,Query 108,1777504900.5748024,1777504900.8763857,0.30158329010009766,success,
111,3,Query 111,1777504900.575797,1777504900.877391,0.3015940189361572,success,
112,3,Query 112,1777504900.5767965,1777504900.877895,0.3010985851287842,success,
114,3,Query 114,1777504900.5785096,1777504900.8799279,0.3014183044433594,success,
113,3,Query 113,1777504900.5785096,1777504900.8799279,0.3014183044433594,success,
121,3,Query 121,1777504900.579517,1777504900.8804498,0.3009328842163086,success,
119,3,Query 119,1777504900.579517,1777504900.8804498,0.3009328842163086,success,
123,3,Query 123,1777504900.579517,1777504900.8809667,0.3014497756958008,success,
124,3,Query 124,1777504900.5805159,1777504900.8814833,0.3009674549102783,success,
128,3,Query 128,1777504900.5805159,1777504900.8825088,0.30199289321899414,success,
136,3,Query 136,1777504900.582117,1777504900.883529,0.30141186714172363,success,
130,3,Query 130,1777504900.582117,1777504900.883529,0.30141186714172363,success,
131,3,Query 131,1777504900.5817683,1777504900.883529,0.3017606735229492,success,
129,3,Query 129,1777504900.582117,1777504900.884048,0.30193090438842773,success,
137,3,Query 137,1777504900.582117,1777504900.884048,0.30193090438842773,success,
140,3,Query 140,1777504900.5831053,1777504900.8845594,0.3014540672302246,success,
144,3,Query 144,1777504900.5841115,1777504900.8851013,0.30098986625671387,success,
141,3,Query 141,1777504900.5831053,1777504900.8851013,0.30199599266052246,success,
146,3,Query 146,1777504900.5841115,1777504900.88562,0.30150866508483887,success,
147,3,Query 147,1777504900.5841115,1777504900.8861296,0.3020181655883789,success,
150,3,Query 150,1777504900.5851104,1777504900.8866472,0.30153679847717285,success,
153,3,Query 153,1777504900.5851104,1777504900.8871634,0.30205297470092773,success,
157,3,Query 157,1777504900.5851104,1777504900.8871634,0.30205297470092773,success,
160,3,Query 160,1777504900.5851104,1777504900.8871634,0.30205297470092773,success,
154,3,Query 154,1777504900.5851104,1777504900.8871634,0.30205297470092773,success,
158,3,Query 158,1777504900.5866153,1777504900.8882158,0.30160045623779297,success,
161,3,Query 161,1777504900.5866153,1777504900.889224,0.3026087284088135,success,
167,3,Query 167,1777504900.5876245,1777504900.889224,0.30159950256347656,success,
166,3,Query 166,1777504900.5876245,1777504900.889224,0.30159950256347656,success,
169,3,Query 169,1777504900.5886347,1777504900.8897312,0.30109643936157227,success,
171,3,Query 171,1777504900.5886347,1777504900.8907638,0.30212903022766113,success,
173,3,Query 173,1777504900.5896454,1777504900.8912783,0.3016328811645508,success,
174,3,Query 174,1777504900.5896454,1777504900.8912783,0.3016328811645508,success,
178,3,Query 178,1777504900.5906415,1777504900.8917902,0.3011486530303955,success,
179,3,Query 179,1777504900.592118,1777504900.8933368,0.30121874809265137,success,
183,3,Query 183,1777504900.59267,1777504900.8938556,0.30118560791015625,success,
181,3,Query 181,1777504900.59267,1777504900.8938556,0.30118560791015625,success,
186,3,Query 186,1777504900.5941753,1777504900.8953717,0.3011963367462158,success,
190,3,Query 190,1777504900.5941753,1777504900.89589,0.3017146587371826,success,
187,3,Query 187,1777504900.5941753,1777504900.89589,0.3017146587371826,success,
192,3,Query 192,1777504900.5941753,1777504900.8964043,0.3022289276123047,success,
195,3,Query 195,1777504900.5951822,1777504900.8969226,0.3017404079437256,success,
198,3,Query 198,1777504900.5951822,1777504900.8969226,0.3017404079437256,success,
202,3,Query 202,1777504900.5966876,1777504900.8979633,0.30127573013305664,success,
205,3,Query 205,1777504900.5966876,1777504900.8979633,0.30127573013305664,success,
196,3,Query 196,1777504900.5951822,1777504900.8989937,0.30381155014038086,success,
208,3,Query 208,1777504900.5976965,1777504900.8989937,0.3012971878051758,success,
200,3,Query 200,1777504900.5951822,1777504900.8995128,0.30433058738708496,success,
212,3,Query 212,1777504900.598704,1777504900.9000325,0.3013284206390381,success,
204,3,Query 204,1777504900.5997016,1777504900.90111,0.3014082908630371,success,
215,3,Query 215,1777504900.598704,1777504900.90111,0.30240583419799805,success,
218,3,Query 218,1777504900.5997016,1777504900.9016309,0.301929235458374,success,
214,3,Query 214,1777504900.598704,1777504900.9016309,0.30292677879333496,success,
213,3,Query 213,1777504900.5997016,1777504900.9016309,0.301929235458374,success,
220,3,Query 220,1777504900.600725,1777504900.90215,0.3014249801635742,success,
222,3,Query 222,1777504900.5997016,1777504900.90215,0.3024482727050781,success,
225,3,Query 225,1777504900.600725,1777504900.90215,0.3014249801635742,success,
232,3,Query 232,1777504900.600725,1777504900.90215,0.3014249801635742,success,
224,3,Query 224,1777504900.600725,1777504900.9026723,0.30194735527038574,success,
231,3,Query 231,1777504900.6017294,1777504900.9031894,0.30146002769470215,success,
234,3,Query 234,1777504900.6017294,1777504900.9047272,0.3029978275299072,success,
237,3,Query 237,1777504900.605729,1777504900.9067628,0.30103373527526855,success,
236,3,Query 236,1777504900.605729,1777504900.9067628,0.30103373527526855,success,
240,3,Query 240,1777504900.606726,1777504900.9083238,0.30159783363342285,success,
241,3,Query 241,1777504900.606726,1777504900.9083238,0.30159783363342285,success,
244,3,Query 244,1777504900.6087964,1777504900.9104059,0.30160951614379883,success,
246,3,Query 246,1777504900.6098914,1777504900.91149,0.30159854888916016,success,
248,3,Query 248,1777504900.6108027,1777504900.9125357,0.30173301696777344,success,
250,3,Query 250,1777504900.6119654,1777504900.9135404,0.3015749454498291,success,
255,3,Query 255,1777504900.6139648,1777504900.9161694,0.30220460891723633,success,
249,3,Query 249,1777504900.6139648,1777504900.9172041,0.3032393455505371,success,
264,3,Query 264,1777504900.6154296,1777504900.9172041,0.3017745018005371,success,
271,3,Query 271,1777504900.6168284,1777504900.9177217,0.30089330673217773,success,
270,3,Query 270,1777504900.6168284,1777504900.9182363,0.3014078140258789,success,
262,3,Query 262,1777504900.6163177,1777504900.9187477,0.3024299144744873,success,
283,3,Query 283,1777504900.6188347,1777504900.919783,0.3009483814239502,success,
266,3,Query 266,1777504900.6168284,1777504900.919783,0.30295467376708984,success,
276,3,Query 276,1777504900.6188347,1777504900.9202988,0.3014640808105469,success,
256,3,Query 256,1777504900.6149743,1777504900.9202988,0.3053245544433594,success,
261,3,Query 261,1777504900.6188347,1777504900.920819,0.3019843101501465,success,
269,3,Query 269,1777504900.6168284,1777504900.9213283,0.30449986457824707,success,
294,3,Query 294,1777504900.6204646,1777504900.9218402,0.3013756275177002,success,
274,3,Query 274,1777504900.617834,1777504900.9218402,0.30400609970092773,success,
265,3,Query 265,1777504900.6154296,1777504900.9223537,0.30692410469055176,success,
263,3,Query 263,1777504900.617834,1777504900.9233825,0.30554842948913574,success,
282,3,Query 282,1777504900.6224716,1777504900.923901,0.30142951011657715,success,
286,3,Query 286,1777504900.6224716,1777504900.9254444,0.30297279357910156,success,
312,3,Query 312,1777504900.624601,1777504900.9259596,0.301358699798584,success,
295,3,Query 295,1777504900.624601,1777504900.928003,0.3034021854400635,success,
278,3,Query 278,1777504900.619959,1777504900.9290314,0.30907225608825684,success,
304,3,Query 304,1777504900.6256087,1777504900.929548,0.3039393424987793,success,
285,3,Query 285,1777504900.6224716,1777504900.929548,0.30707645416259766,success,
280,3,Query 280,1777504900.6204646,1777504900.929548,0.3090834617614746,success,
298,3,Query 298,1777504900.6296556,1777504900.9305904,0.3009347915649414,success,
320,3,Query 320,1777504900.6286557,1777504900.9315968,0.30294108390808105,success,
332,3,Query 332,1777504900.6308823,1777504900.9321024,0.301220178604126,success,
334,3,Query 334,1777504900.6318817,1777504900.933152,0.3012702465057373,success,
328,3,Query 328,1777504900.6328833,1777504900.93367,0.30078673362731934,success,
325,3,Query 325,1777504900.6338828,1777504900.9347086,0.300825834274292,success,
346,3,Query 346,1777504900.6338828,1777504900.9347086,0.300825834274292,success,
307,3,Query 307,1777504900.6286557,1777504900.9347086,0.30605292320251465,success,
317,3,Query 317,1777504900.6276498,1777504900.9362164,0.3085665702819824,success,
359,3,Query 359,1777504900.6328833,1777504900.9367251,0.30384182929992676,success,
305,3,Query 305,1777504900.6266077,1777504900.9377518,0.3111441135406494,success,
347,3,Query 347,1777504900.6367815,1777504900.9387581,0.30197668075561523,success,
302,3,Query 302,1777504900.6234703,1777504900.9392686,0.315798282623291,success,
351,3,Query 351,1777504900.6338828,1777504900.9392686,0.3053858280181885,success,
315,3,Query 315,1777504900.6296556,1777504900.9392686,0.3096129894256592,success,
339,3,Query 339,1777504900.6348836,1777504900.9413376,0.3064539432525635,success,
361,3,Query 361,1777504900.6348836,1777504900.9429066,0.30802297592163086,success,
329,3,Query 329,1777504900.6308823,1777504900.9429066,0.3120243549346924,success,
324,3,Query 324,1777504900.6378002,1777504900.943926,0.3061258792877197,success,
372,3,Query 372,1777504900.6408234,1777504900.9459455,0.30512213706970215,success,
356,3,Query 356,1777504900.6348836,1777504900.9459455,0.3110618591308594,success,
360,3,Query 360,1777504900.6408234,1777504900.9464831,0.30565977096557617,success,
362,3,Query 362,1777504900.6408234,1777504900.9464831,0.30565977096557617,success,
313,3,Query 313,1777504900.6328833,1777504900.9475093,0.31462597846984863,success,
379,3,Query 379,1777504900.6418297,1777504900.9475093,0.3056795597076416,success,
323,3,Query 323,1777504900.6318817,1777504900.9480212,0.31613945960998535,success,
308,3,Query 308,1777504900.6266077,1777504900.9480212,0.321413516998291,success,
364,3,Query 364,1777504900.6367815,1777504900.9480212,0.31123971939086914,success,
2,2,Query 2,1777504900.5473793,1777504900.9495502,0.40217089653015137,success,
6,2,Query 6,1777504900.5473793,1777504900.9495502,0.40217089653015137,success,
367,3,Query 367,1777504900.6438298,1777504900.9500618,0.3062319755554199,success,
14,2,Query 14,1777504900.550701,1777504900.9516106,0.4009096622467041,success,
412,3,Query 412,1777504900.650605,1777504900.9516106,0.30100560188293457,success,
12,2,Query 12,1777504900.5501742,1777504900.9521282,0.40195393562316895,success,
395,3,Query 395,1777504900.651628,1777504900.9521282,0.30050015449523926,success,
17,2,Query 17,1777504900.5517075,1777504900.9531536,0.4014461040496826,success,
22,2,Query 22,1777504900.5517075,1777504900.9531536,0.4014461040496826,success,
316,3,Query 316,1777504900.6480205,1777504900.9536662,0.3056457042694092,success,
27,2,Query 27,1777504900.5527096,1777504900.9541829,0.4014732837677002,success,
30,2,Query 30,1777504900.5527096,1777504900.9546955,0.40198588371276855,success,
35,2,Query 35,1777504900.5537078,1777504900.9552114,0.4015035629272461,success,
383,3,Query 383,1777504900.6480205,1777504900.9552114,0.3071908950805664,success,
39,2,Query 39,1777504900.5547078,1777504900.955729,0.40102124214172363,success,
43,2,Query 43,1777504900.555708,1777504900.9562497,0.4005417823791504,success,
355,3,Query 355,1777504900.6438298,1777504900.9562497,0.3124198913574219,success,
387,3,Query 387,1777504900.6567152,1777504900.9573116,0.3005964756011963,success,
386,3,Query 386,1777504900.6448307,1777504900.9573116,0.3124809265136719,success,
409,3,Query 409,1777504900.6500492,1777504900.9578295,0.30778026580810547,success,
47,2,Query 47,1777504900.5572155,1777504900.9583473,0.40113186836242676,success,
374,3,Query 374,1777504900.6448307,1777504900.9588697,0.3140389919281006,success,
344,3,Query 344,1777504900.650605,1777504900.961744,0.3111391067504883,success,
394,3,Query 394,1777504900.6468296,1777504900.9622614,0.3154318332672119,success,
52,2,Query 52,1777504900.5607479,1777504900.9627771,0.40202927589416504,success,
54,2,Query 54,1777504900.562043,1777504900.9642959,0.4022529125213623,success,
423,3,Query 423,1777504900.6536503,1777504900.9648042,0.3111538887023926,success,
60,2,Query 60,1777504900.56405,1777504900.9648042,0.4007542133331299,success,
407,3,Query 407,1777504900.6480205,1777504900.965316,0.31729555130004883,success,
427,3,Query 427,1777504900.6556952,1777504900.965316,0.30962085723876953,success,
65,2,Query 65,1777504900.5650513,1777504900.965829,0.40077757835388184,success,
430,3,Query 430,1777504900.6582282,1777504900.9663424,0.30811429023742676,success,
389,3,Query 389,1777504900.6500492,1777504900.9663424,0.31629323959350586,success,
72,2,Query 72,1777504900.5650513,1777504900.9668548,0.40180349349975586,success,
68,2,Query 68,1777504900.5650513,1777504900.9668548,0.40180349349975586,success,
390,3,Query 390,1777504900.645829,1777504900.9678876,0.32205867767333984,success,
435,3,Query 435,1777504900.6607523,1777504900.9688935,0.30814123153686523,success,
77,2,Query 77,1777504900.566567,1777504900.9688935,0.4023265838623047,success,
439,3,Query 439,1777504900.661258,1777504900.9703968,0.30913877487182617,success,
352,3,Query 352,1777504900.6468296,1777504900.9703968,0.32356715202331543,success,
81,2,Query 81,1777504900.568573,1777504900.9703968,0.4018237590789795,success,
333,3,Query 333,1777504900.6428304,1777504900.9703968,0.32756638526916504,success,
84,2,Query 84,1777504900.568573,1777504900.9703968,0.4018237590789795,success,
380,3,Query 380,1777504900.6428304,1777504900.9709208,0.3280904293060303,success,
89,2,Query 89,1777504900.568573,1777504900.9709208,0.4023478031158447,success,
93,2,Query 93,1777504900.5700777,1777504900.97195,0.4018723964691162,success,
97,2,Query 97,1777504900.5714982,1777504900.973464,0.401965856552124,success,
102,2,Query 102,1777504900.5727878,1777504900.9744709,0.40168309211730957,success,
105,2,Query 105,1777504900.573798,1777504900.9749744,0.40117645263671875,success,
457,3,Query 457,1777504900.6637793,1777504900.975991,0.3122117519378662,success,
340,3,Query 340,1777504900.6637793,1777504900.975991,0.3122117519378662,success,
494,3,Query 494,1777504900.6758742,1777504900.977055,0.3011808395385742,success,
388,3,Query 388,1777504900.6650665,1777504900.9775672,0.3125007152557373,success,
110,2,Query 110,1777504900.575797,1777504900.9775672,0.40177011489868164,success,
469,3,Query 469,1777504900.6666484,1777504900.978574,0.31192564964294434,success,
116,2,Query 116,1777504900.5780015,1777504900.9790776,0.401076078414917,success,
473,3,Query 473,1777504900.667169,1777504900.9795885,0.31241941452026367,success,
393,3,Query 393,1777504900.661258,1777504900.9795885,0.3183305263519287,success,
122,2,Query 122,1777504900.579517,1777504900.980593,0.401076078414917,success,
118,2,Query 118,1777504900.5785096,1777504900.980593,0.4020833969116211,success,
503,3,Query 503,1777504900.6799867,1777504900.9810967,0.30111002922058105,success,
441,3,Query 441,1777504900.6805043,1777504900.9810967,0.30059242248535156,success,
350,3,Query 350,1777504900.661258,1777504900.9816153,0.3203573226928711,success,
481,3,Query 481,1777504900.6805043,1777504900.9816153,0.30111098289489746,success,
445,3,Query 445,1777504900.662772,1777504900.9821353,0.3193633556365967,success,
422,3,Query 422,1777504900.662772,1777504900.9821353,0.3193633556365967,success,
448,3,Query 448,1777504900.662772,1777504900.9826503,0.31987833976745605,success,
127,2,Query 127,1777504900.5805159,1777504900.9826503,0.40213441848754883,success,
454,3,Query 454,1777504900.68202,1777504900.9831653,0.3011453151702881,success,
132,2,Query 132,1777504900.582117,1777504900.9831653,0.4010481834411621,success,
135,2,Query 135,1777504900.582117,1777504900.9836795,0.4015624523162842,success,
455,3,Query 455,1777504900.6743453,1777504900.9836795,0.30933427810668945,success,
139,2,Query 139,1777504900.5831053,1777504900.9841938,0.4010884761810303,success,
385,3,Query 385,1777504900.6562004,1777504900.9841938,0.32799339294433594,success,
143,2,Query 143,1777504900.5841115,1777504900.9847064,0.40059494972229004,success,
432,3,Query 432,1777504900.6769435,1777504900.985711,0.30876755714416504,success,
148,2,Query 148,1777504900.5841115,1777504900.9862146,0.4021031856536865,success,
467,3,Query 467,1777504900.6774771,1777504900.9862146,0.30873751640319824,success,
499,3,Query 499,1777504900.6856194,1777504900.9867356,0.3011162281036377,success,
502,3,Query 502,1777504900.6784844,1777504900.9872544,0.30876994132995605,success,
155,2,Query 155,1777504900.5851104,1777504900.9872544,0.4021439552307129,success,
474,3,Query 474,1777504900.667169,1777504900.9872544,0.3200852870941162,success,
396,3,Query 396,1777504900.661258,1777504900.9877768,0.3265187740325928,success,
151,2,Query 151,1777504900.5851104,1777504900.9877768,0.4026663303375244,success,
400,3,Query 400,1777504900.6521401,1777504900.9877768,0.33563661575317383,success,
479,3,Query 479,1777504900.6697314,1777504900.9888105,0.3190791606903076,success,
162,2,Query 162,1777504900.5866153,1777504900.9888105,0.4021952152252197,success,
545,3,Query 545,1777504900.6881547,1777504900.9893289,0.3011741638183594,success,
168,2,Query 168,1777504900.5886347,1777504900.9893289,0.4006941318511963,success,
444,3,Query 444,1777504900.6702433,1777504900.9893289,0.31908559799194336,success,
163,2,Query 163,1777504900.5876245,1777504900.9893289,0.4017043113708496,success,
402,3,Query 402,1777504900.6521401,1777504900.9903429,0.33820271492004395,success,
482,3,Query 482,1777504900.6707585,1777504900.9903429,0.31958436965942383,success,
172,2,Query 172,1777504900.5896454,1777504900.9908564,0.4012110233306885,success,
483,3,Query 483,1777504900.6707585,1777504900.9908564,0.3200979232788086,success,
452,3,Query 452,1777504900.681015,1777504900.9918687,0.3108537197113037,success,
177,2,Query 177,1777504900.5906415,1777504900.9918687,0.4012272357940674,success,
488,3,Query 488,1777504900.6743453,1777504900.9928837,0.3185384273529053,success,
518,3,Query 518,1777504900.6748676,1777504900.9928837,0.31801605224609375,success,
180,2,Query 180,1777504900.592118,1777504900.993414,0.40129590034484863,success,
523,3,Query 523,1777504900.684078,1777504900.9939432,0.30986523628234863,success,
519,3,Query 519,1777504900.6830366,1777504900.9939432,0.31090664863586426,success,
492,3,Query 492,1777504900.6748676,1777504900.9939432,0.3190755844116211,success,
463,3,Query 463,1777504900.693736,1777504900.9949918,0.3012557029724121,success,
524,3,Query 524,1777504900.6927297,1777504900.9949918,0.3022620677947998,success,
185,2,Query 185,1777504900.59267,1777504900.9949918,0.40232181549072266,success,
465,3,Query 465,1777504900.6661313,1777504900.9955099,0.329378604888916,success,
189,2,Query 189,1777504900.5941753,1777504900.9955099,0.4013345241546631,success,
495,3,Query 495,1777504900.6845899,1777504900.9955099,0.31092000007629395,success,
193,2,Query 193,1777504900.5951822,1777504900.9960248,0.40084266662597656,success,
197,2,Query 197,1777504900.5951822,1777504900.9965386,0.40135645866394043,success,
468,3,Query 468,1777504900.6954916,1777504900.9965386,0.30104708671569824,success,
570,3,Query 570,1777504900.696516,1777504900.997075,0.30055904388427734,success,
436,3,Query 436,1777504900.686131,1777504900.997587,0.31145596504211426,success,
392,3,Query 392,1777504900.686131,1777504900.9981,0.3119690418243408,success,
203,2,Query 203,1777504900.5966876,1777504900.9981,0.4014124870300293,success,
207,2,Query 207,1777504900.5976965,1777504901.0001264,0.40242981910705566,success,
206,2,Query 206,1777504900.598704,1777504901.0001264,0.40142226219177246,success,
217,2,Query 217,1777504900.5997016,1777504901.001168,0.40146636962890625,success,
581,3,Query 581,1777504900.69959,1777504901.001168,0.3015780448913574,success,
228,2,Query 228,1777504900.600725,1777504901.0016844,0.40095949172973633,success,
548,3,Query 548,1777504900.6896694,1777504901.0016844,0.3120150566101074,success,
553,3,Query 553,1777504900.6912138,1777504901.0022001,0.3109862804412842,success,
221,2,Query 221,1777504900.5997016,1777504901.0022001,0.4024984836578369,success,
226,2,Query 226,1777504900.5997016,1777504901.0022001,0.4024984836578369,success,
513,3,Query 513,1777504900.6906965,1777504901.0022001,0.31150364875793457,success,
223,2,Query 223,1777504900.600725,1777504901.0022001,0.401475191116333,success,
517,3,Query 517,1777504900.6912138,1777504901.0037086,0.31249475479125977,success,
522,3,Query 522,1777504900.6835632,1777504901.0047343,0.3211710453033447,success,
235,2,Query 235,1777504900.605729,1777504901.0067668,0.40103769302368164,success,
599,3,Query 599,1777504900.705171,1777504901.0073364,0.30216526985168457,success,
526,3,Query 526,1777504900.6845899,1777504901.0073364,0.32274651527404785,success,
239,2,Query 239,1777504900.606726,1777504901.0078573,0.40113139152526855,success,
529,3,Query 529,1777504900.685108,1777504901.0083878,0.32327985763549805,success,
243,2,Query 243,1777504900.6077883,1777504901.009445,0.4016566276550293,success,
575,3,Query 575,1777504900.697522,1777504901.0120625,0.3145406246185303,success,
577,3,Query 577,1777504900.697522,1777504901.0120625,0.3145406246185303,success,
247,2,Query 247,1777504900.6108027,1777504901.0125816,0.4017789363861084,success,
506,3,Query 506,1777504900.7112665,1777504901.0125816,0.3013150691986084,success,
586,3,Query 586,1777504900.7021418,1777504901.0156314,0.3134896755218506,success,
554,3,Query 554,1777504900.701623,1777504901.0156314,0.3140084743499756,success,
253,2,Query 253,1777504900.612965,1777504901.0166593,0.40369415283203125,success,
254,2,Query 254,1777504900.6139648,1777504901.0166593,0.4026944637298584,success,
258,2,Query 258,1777504900.6154296,1777504901.0166593,0.4012296199798584,success,
559,3,Query 559,1777504900.7158854,1777504901.017163,0.30127763748168945,success,
593,3,Query 593,1777504900.7026515,1777504901.0176847,0.3150331974029541,success,
287,2,Query 287,1777504900.6188347,1777504901.0202546,0.40141987800598145,success,
603,3,Query 603,1777504900.7066784,1777504901.0212889,0.31461048126220703,success,
414,3,Query 414,1777504900.6774771,1777504901.0212889,0.3438117504119873,success,
268,2,Query 268,1777504900.6163177,1777504901.0218112,0.40549349784851074,success,
272,2,Query 272,1777504900.617834,1777504901.0233989,0.4055647850036621,success,
606,3,Query 606,1777504900.7220333,1777504901.0233989,0.30136561393737793,success,
534,3,Query 534,1777504900.7087538,1777504901.0239263,0.3151724338531494,success,
291,2,Query 291,1777504900.6204646,1777504901.0244656,0.40400099754333496,success,
571,3,Query 571,1777504900.7087538,1777504901.0244656,0.31571173667907715,success,
303,2,Query 303,1777504900.6234703,1777504901.025005,0.4015347957611084,success,
289,2,Query 289,1777504900.6224716,1777504901.0255349,0.4030632972717285,success,
297,2,Query 297,1777504900.621472,1777504901.0265908,0.4051189422607422,success,
576,3,Query 576,1777504900.7102602,1777504901.0265908,0.3163306713104248,success,
293,2,Query 293,1777504900.6266077,1777504901.0271187,0.4005110263824463,success,
275,2,Query 275,1777504900.6168284,1777504901.0276291,0.4108006954193115,success,
546,3,Query 546,1777504900.712311,1777504901.0281427,0.31583166122436523,success,
511,3,Query 511,1777504900.69959,1777504901.0286622,0.3290722370147705,success,
322,2,Query 322,1777504900.6286557,1777504901.0301723,0.4015166759490967,success,
311,2,Query 311,1777504900.6276498,1777504901.0306923,0.4030425548553467,success,
486,3,Query 486,1777504900.68202,1777504901.0306923,0.34867238998413086,success,
673,3,Query 673,1777504900.7291808,1777504901.0306923,0.3015115261077881,success,
489,3,Query 489,1777504900.6912138,1777504901.03223,0.3410160541534424,success,
631,3,Query 631,1777504900.7143795,1777504901.0327466,0.31836700439453125,success,
299,2,Query 299,1777504900.6256087,1777504901.0332634,0.4076547622680664,success,
558,3,Query 558,1777504900.732794,1777504901.0337813,0.30098724365234375,success,
591,3,Query 591,1777504900.7026515,1777504901.0342994,0.3316478729248047,success,
277,2,Query 277,1777504900.617834,1777504901.0342994,0.41646528244018555,success,
349,2,Query 349,1777504900.6338828,1777504901.0348155,0.40093278884887695,success,
563,3,Query 563,1777504900.7343063,1777504901.0358398,0.30153346061706543,success,
598,3,Query 598,1777504900.7356746,1777504901.0363495,0.3006749153137207,success,
319,2,Query 319,1777504900.6296556,1777504901.0368612,0.40720558166503906,success,
345,2,Query 345,1777504900.6367815,1777504901.0378668,0.40108537673950195,success,
646,3,Query 646,1777504900.7371855,1777504901.0378668,0.30068135261535645,success,
309,2,Query 309,1777504900.6308823,1777504901.0383708,0.4074885845184326,success,
530,3,Query 530,1777504900.7076848,1777504901.0388863,0.33120155334472656,success,
434,3,Query 434,1777504900.6666484,1777504901.0398996,0.37325119972229004,success,
354,2,Query 354,1777504900.6338828,1777504901.0398996,0.40601682662963867,success,
607,3,Query 607,1777504900.7087538,1777504901.0404098,0.33165597915649414,success,
533,3,Query 533,1777504900.696516,1777504901.0409422,0.34442615509033203,success,
336,2,Query 336,1777504900.6318817,1777504901.0414643,0.40958261489868164,success,
710,3,Query 710,1777504900.7407074,1777504901.0419807,0.3012733459472656,success,
611,3,Query 611,1777504900.7087538,1777504901.0419807,0.33322691917419434,success,
654,3,Query 654,1777504900.7235472,1777504901.0419807,0.3184335231781006,success,
658,3,Query 658,1777504900.725066,1777504901.042992,0.31792616844177246,success,
662,3,Query 662,1777504900.7422817,1777504901.0435023,0.3012206554412842,success,
366,2,Query 366,1777504900.6438298,1777504901.0445101,0.4006803035736084,success,
507,3,Query 507,1777504900.699076,1777504901.0450134,0.34593749046325684,success,
510,3,Query 510,1777504900.712311,1777504901.0455248,0.33321380615234375,success,
338,2,Query 338,1777504900.6438298,1777504901.0455248,0.40169501304626465,success,
728,3,Query 728,1777504900.7453458,1777504901.0460355,0.300689697265625,success,
357,2,Query 357,1777504900.6393142,1777504901.0460355,0.4067213535308838,success,
341,2,Query 341,1777504900.6348836,1777504901.0460355,0.4111518859863281,success,
624,3,Query 624,1777504900.728174,1777504901.0465498,0.318375825881958,success,
343,2,Query 343,1777504900.6328833,1777504901.0470672,0.4141838550567627,success,
321,2,Query 321,1777504900.6418297,1777504901.0475883,0.4057586193084717,success,
451,3,Query 451,1777504900.7468846,1777504901.0475883,0.300703763961792,success,
399,2,Query 399,1777504900.6468296,1777504901.0485992,0.40176963806152344,success,
741,3,Query 741,1777504900.7479162,1777504901.0491045,0.30118823051452637,success,
676,3,Query 676,1777504900.7302783,1777504901.0491045,0.31882619857788086,success,
744,3,Query 744,1777504900.7484288,1777504901.0491045,0.300675630569458,success,
1,1,Query 1,1777504900.5473793,1777504901.049622,0.5022428035736084,success,
7,1,Query 7,1777504900.5473793,1777504901.050627,0.5032477378845215,success,
13,1,Query 13,1777504900.550701,1777504901.0516467,0.5009458065032959,success,
391,2,Query 391,1777504900.650605,1777504901.0516467,0.40104174613952637,success,
594,3,Query 594,1777504900.7343063,1777504901.0516467,0.3173403739929199,success,
20,1,Query 20,1777504900.5517075,1777504901.0531716,0.5014641284942627,success,
401,2,Query 401,1777504900.6521401,1777504901.0531716,0.401031494140625,success,
25,1,Query 25,1777504900.5527096,1777504901.0536764,0.5009667873382568,success,
565,3,Query 565,1777504900.7356746,1777504901.05419,0.3185153007507324,success,
527,3,Query 527,1777504900.7184541,1777504901.054701,0.33624696731567383,success,
32,1,Query 32,1777504900.5537078,1777504901.054701,0.5009932518005371,success,
698,3,Query 698,1777504900.7366812,1777504901.0557358,0.31905460357666016,success,
38,1,Query 38,1777504900.5547078,1777504901.0557358,0.5010280609130859,success,
371,2,Query 371,1777504900.6495266,1777504901.0572543,0.4077277183532715,success,
45,1,Query 45,1777504900.5567093,1777504901.0577843,0.501075029373169,success,
704,3,Query 704,1777504900.7565937,1777504901.0577843,0.3011906147003174,success,
650,3,Query 650,1777504900.7220333,1777504901.058794,0.3367607593536377,success,
652,3,Query 652,1777504900.7235472,1777504901.0593014,0.3357541561126709,success,
778,3,Query 778,1777504900.7587445,1777504901.060309,0.30156445503234863,success,
375,2,Query 375,1777504900.645829,1777504901.060813,0.41498398780822754,success,
613,3,Query 613,1777504900.725066,1777504901.061328,0.3362619876861572,success,
537,3,Query 537,1777504900.7087538,1777504901.061328,0.35257411003112793,success,
50,1,Query 50,1777504900.5607479,1777504901.0618489,0.501101016998291,success,
661,3,Query 661,1777504900.72558,1777504901.0628543,0.33727431297302246,success,
616,3,Query 616,1777504900.7112665,1777504901.0628543,0.35158777236938477,success,
722,3,Query 722,1777504900.7438045,1777504901.0640342,0.32022976875305176,success,
56,1,Query 56,1777504900.5630498,1777504901.0640342,0.5009844303131104,success,
721,3,Query 721,1777504900.7625988,1777504901.0640342,0.3014354705810547,success,
724,3,Query 724,1777504900.7438045,1777504901.0645554,0.3207509517669678,success,
428,2,Query 428,1777504900.6562004,1777504901.0660777,0.40987730026245117,success,
727,3,Query 727,1777504900.7651505,1777504901.0660777,0.30092716217041016,success,
62,1,Query 62,1777504900.56405,1777504901.0660777,0.5020277500152588,success,
669,3,Query 669,1777504900.7656693,1777504901.0665815,0.30091214179992676,success,
342,2,Query 342,1777504900.6408234,1777504901.0665815,0.42575812339782715,success,
411,2,Query 411,1777504900.650605,1777504901.0671022,0.41649723052978516,success,
70,1,Query 70,1777504900.5650513,1777504901.0671022,0.5020508766174316,success,
377,2,Query 377,1777504900.6661313,1777504901.0676222,0.4014909267425537,success,
75,1,Query 75,1777504900.566567,1777504901.0676222,0.5010552406311035,success,
625,3,Query 625,1777504900.7133172,1777504901.0676222,0.3543050289154053,success,
736,3,Query 736,1777504900.7468846,1777504901.069201,0.32231640815734863,success,
738,3,Query 738,1777504900.7473955,1777504901.0697362,0.322340726852417,success,
628,3,Query 628,1777504900.7302783,1777504901.0697362,0.33945798873901367,success,
82,1,Query 82,1777504900.568573,1777504901.0697362,0.5011632442474365,success,
88,1,Query 88,1777504900.568573,1777504901.0702653,0.5016922950744629,success,
587,3,Query 587,1777504900.7302783,1777504901.0708015,0.34052324295043945,success,
490,3,Query 490,1777504900.7702858,1777504901.071315,0.3010292053222656,success,
633,3,Query 633,1777504900.7489398,1777504901.0718267,0.32288694381713867,success,
556,3,Query 556,1777504900.7026515,1777504901.0718267,0.3691751956939697,success,
446,2,Query 446,1777504900.662772,1777504901.0723407,0.40956878662109375,success,
382,2,Query 382,1777504900.6480205,1777504901.0733533,0.42533278465270996,success,
95,1,Query 95,1777504900.5714982,1777504901.0733533,0.5018551349639893,success,
750,3,Query 750,1777504900.7494578,1777504901.0738616,0.3244037628173828,success,
635,3,Query 635,1777504900.7164016,1777504901.0738616,0.35746002197265625,success,
485,2,Query 485,1777504900.6733155,1777504901.0743983,0.40108275413513184,success,
100,1,Query 100,1777504900.5727878,1777504901.0743983,0.501610517501831,success,
685,3,Query 685,1777504900.7343063,1777504901.075438,0.34113168716430664,success,
107,1,Query 107,1777504900.5748024,1777504901.075959,0.5011565685272217,success,
756,3,Query 756,1777504900.7509665,1777504901.0764751,0.32550859451293945,success,
642,3,Query 642,1777504900.7184541,1777504901.0774796,0.3590254783630371,success,
496,2,Query 496,1777504900.6769435,1777504901.077984,0.40104055404663086,success,
413,2,Query 413,1777504900.6597514,1777504901.078498,0.4187464714050293,success,
115,1,Query 115,1777504900.5767965,1777504901.079008,0.5022115707397461,success,
120,1,Query 120,1777504900.579517,1777504901.0800135,0.5004966259002686,success,
647,3,Query 647,1777504900.7810466,1777504901.081607,0.30056047439575195,success,
126,1,Query 126,1777504900.5805159,1777504901.081607,0.5010912418365479,success,
421,2,Query 421,1777504900.6707585,1777504901.081607,0.41084861755371094,success,
442,2,Query 442,1777504900.661258,1777504901.081607,0.42034912109375,success,
766,3,Query 766,1777504900.7550583,1777504901.0821352,0.32707691192626953,success,
769,3,Query 769,1777504900.7560782,1777504901.0821352,0.32605695724487305,success,
773,3,Query 773,1777504900.7820797,1777504901.0826619,0.3005821704864502,success,
134,1,Query 134,1777504900.582117,1777504901.0831776,0.5010604858398438,success,
138,1,Query 138,1777504900.5831053,1777504901.0836902,0.5005848407745361,success,
426,2,Query 426,1777504900.654686,1777504901.0842385,0.4295525550842285,success,
408,2,Query 408,1777504900.6758742,1777504901.0847535,0.40887928009033203,success,
525,2,Query 525,1777504900.6845899,1777504901.085262,0.40067219734191895,success,
862,3,Query 862,1777504900.7841344,1777504901.085262,0.30112767219543457,success,
783,3,Query 783,1777504900.75975,1777504901.085262,0.325512170791626,success,
145,1,Query 145,1777504900.5841115,1777504901.085262,0.5011506080627441,success,
149,1,Query 149,1777504900.5851104,1777504901.0857825,0.5006721019744873,success,
866,3,Query 866,1777504900.7856727,1777504901.086299,0.300626277923584,success,
540,3,Query 540,1777504900.72558,1777504901.086299,0.3607189655303955,success,
664,3,Query 664,1777504900.7265856,1777504901.0868201,0.36023449897766113,success,
472,2,Query 472,1777504900.667169,1777504901.0868201,0.4196510314941406,success,
723,3,Query 723,1777504900.7625988,1777504901.0873399,0.3247411251068115,success,
418,2,Query 418,1777504900.661258,1777504901.0873399,0.42608189582824707,success,
156,1,Query 156,1777504900.5851104,1777504901.0873399,0.5022294521331787,success,
478,2,Query 478,1777504900.6799867,1777504901.0878565,0.407869815826416,success,
420,3,Query 420,1777504900.69959,1777504901.0878565,0.38826656341552734,success,
164,1,Query 164,1777504900.5866153,1777504901.0883715,0.5017561912536621,success,
170,1,Query 170,1777504900.5886347,1777504901.0898948,0.5012600421905518,success,
726,3,Query 726,1777504900.7438045,1777504901.0898948,0.34609031677246094,success,
176,1,Query 176,1777504900.5906415,1777504901.0909443,0.500302791595459,success,
882,3,Query 882,1777504900.790319,1777504901.091471,0.30115199089050293,success,
801,3,Query 801,1777504900.766183,1777504901.0919957,0.32581281661987305,success,
803,3,Query 803,1777504900.766183,1777504901.0925992,0.3264162540435791,success,
733,3,Query 733,1777504900.7913246,1777504901.0925992,0.30127453804016113,success,
406,2,Query 406,1777504900.6637793,1777504901.093133,0.4293537139892578,success,
456,2,Query 456,1777504900.6748676,1777504901.093133,0.41826534271240234,success,
182,1,Query 182,1777504900.59267,1777504901.0936573,0.5009872913360596,success,
891,3,Query 891,1777504900.7928514,1777504901.0936573,0.30080580711364746,success,
461,2,Query 461,1777504900.6650665,1777504901.0941768,0.4291102886199951,success,
188,1,Query 188,1777504900.5941753,1777504901.0956917,0.5015163421630859,success,
590,3,Query 590,1777504900.732794,1777504901.0956917,0.3628976345062256,success,
567,2,Query 567,1777504900.6949766,1777504901.0961967,0.40122008323669434,success,
915,3,Query 915,1777504900.7959466,1777504901.096708,0.30076146125793457,success,
821,3,Query 821,1777504900.773862,1777504901.096708,0.3228461742401123,success,
690,3,Query 690,1777504900.751993,1777504901.097228,0.34523510932922363,success,
828,3,Query 828,1777504900.7758923,1777504901.097228,0.3213357925415039,success,
431,3,Query 431,1777504900.705171,1777504901.097228,0.392056941986084,success,
194,1,Query 194,1777504900.5951822,1777504901.097228,0.5020458698272705,success,
640,3,Query 640,1777504900.7184541,1777504901.097228,0.37877392768859863,success,
758,3,Query 758,1777504900.752508,1777504901.0977466,0.34523868560791016,success,
761,3,Query 761,1777504900.7768989,1777504901.0977466,0.320847749710083,success,
600,3,Query 600,1777504900.7356746,1777504901.0977466,0.3620719909667969,success,
199,1,Query 199,1777504900.5966876,1777504901.098778,0.5020904541015625,success,
541,2,Query 541,1777504900.6866431,1777504901.0993133,0.4126701354980469,success,
210,1,Query 210,1777504900.5976965,1777504901.0993133,0.5016167163848877,success,
702,3,Query 702,1777504900.7371855,1777504901.0998278,0.3626422882080078,success,
847,3,Query 847,1777504900.7820797,1777504901.100342,0.31826233863830566,success,
216,1,Query 216,1777504900.598704,1777504901.1008573,0.5021531581878662,success,
852,3,Query 852,1777504900.7825956,1777504901.1008573,0.31826162338256836,success,
706,3,Query 706,1777504900.7397125,1777504901.1008573,0.3611447811126709,success,
219,1,Query 219,1777504900.5997016,1777504901.101381,0.5016794204711914,success,
854,3,Query 854,1777504900.800615,1777504901.101381,0.3007659912109375,success,
229,1,Query 229,1777504900.600725,1777504901.1018975,0.5011725425720215,success,
709,3,Query 709,1777504900.7587445,1777504901.1018975,0.3431529998779297,success,
713,3,Query 713,1777504900.7407074,1777504901.1024153,0.3617079257965088,success,
782,3,Query 782,1777504900.75975,1777504901.1024153,0.342665433883667,success,
449,2,Query 449,1777504900.681015,1777504901.1024153,0.4214003086090088,success,
860,3,Query 860,1777504900.7841344,1777504901.1024153,0.3182809352874756,success,
230,1,Query 230,1777504900.6017294,1777504901.1024153,0.5006859302520752,success,
718,3,Query 718,1777504900.7615721,1777504901.1029515,0.34137940406799316,success,
717,3,Query 717,1777504900.7422817,1777504901.1029515,0.3606698513031006,success,
621,3,Query 621,1777504900.8021693,1777504901.1034873,0.3013179302215576,success,
869,3,Query 869,1777504900.8021693,1777504901.1034873,0.3013179302215576,success,
873,3,Query 873,1777504900.7872205,1777504901.1040163,0.31679582595825195,success,
970,3,Query 970,1777504900.8031747,1777504901.1040163,0.3008415699005127,success,
460,2,Query 460,1777504900.6835632,1777504901.1045513,0.4209880828857422,success,
975,3,Query 975,1777504900.8031747,1777504901.1045513,0.3013765811920166,success,
667,3,Query 667,1777504900.7887676,1777504901.1045513,0.3157837390899658,success,
878,3,Query 878,1777504900.7892807,1777504901.1045513,0.31527066230773926,success,
798,3,Query 798,1777504900.8043013,1777504901.1055655,0.30126428604125977,success,
881,3,Query 881,1777504900.790319,1777504901.1055655,0.31524658203125,success,
886,3,Query 886,1777504900.7918293,1777504901.1071236,0.3152942657470703,success,
735,3,Query 735,1777504900.7667007,1777504901.1071236,0.3404228687286377,success,
238,1,Query 238,1777504900.606726,1777504901.107672,0.500946044921875,success,
497,2,Query 497,1777504900.685108,1777504901.1082096,0.42310166358947754,success,
897,3,Query 897,1777504900.7943964,1777504901.1082096,0.3138132095336914,success,
634,3,Query 634,1777504900.7494578,1777504901.1092715,0.3598136901855469,success,
906,3,Query 906,1777504900.7954354,1777504901.1092715,0.31383609771728516,success,
683,3,Query 683,1777504900.7954354,1777504901.109803,0.31436753273010254,success,
561,3,Query 561,1777504900.704163,1777504901.1103272,0.40616416931152344,success,
560,3,Query 560,1777504900.7504628,1777504901.1103272,0.3598644733428955,success,
688,3,Query 688,1777504900.7964618,1777504901.1103272,0.31386542320251465,success,
919,3,Query 919,1777504900.7964618,1777504901.1103272,0.31386542320251465,success,
245,1,Query 245,1777504900.6098914,1777504901.1108713,0.5009799003601074,success,
644,3,Query 644,1777504900.7969995,1777504901.1108713,0.3138718605041504,success,
834,3,Query 834,1777504900.7969995,1777504901.1108713,0.3138718605041504,success,
833,3,Query 833,1777504900.7768989,1777504901.1108713,0.3339724540710449,success,
764,3,Query 764,1777504900.7794964,1777504901.1114073,0.3319108486175537,success,
935,3,Query 935,1777504900.8100576,1777504901.1114073,0.3013496398925781,success,
938,3,Query 938,1777504900.7985349,1777504901.1114073,0.31287240982055664,success,
940,3,Query 940,1777504900.7985349,1777504901.1114073,0.31287240982055664,success,
763,3,Query 763,1777504900.7789838,1777504901.1114073,0.33242344856262207,success,
943,3,Query 943,1777504900.8100576,1777504901.1119292,0.30187153816223145,success,
649,3,Query 649,1777504900.7985349,1777504901.1119292,0.31339430809020996,success,
849,3,Query 849,1777504900.799544,1777504901.1119292,0.31238508224487305,success,
857,3,Query 857,1777504900.8011374,1777504901.112448,0.3113105297088623,success,
853,3,Query 853,1777504900.7825956,1777504901.112448,0.3298523426055908,success,
958,3,Query 958,1777504900.812087,1777504901.11298,0.30089282989501953,success,
861,3,Query 861,1777504900.8016489,1777504901.11298,0.31133103370666504,success,
582,3,Query 582,1777504900.728174,1777504901.1140254,0.3858513832092285,success,
978,3,Query 978,1777504900.8031747,1777504901.1140254,0.3108506202697754,success,
995,3,Query 995,1777504900.8068137,1777504901.1150813,0.30826759338378906,success,
514,2,Query 514,1777504900.7143795,1777504901.1150813,0.40070176124572754,success,
989,3,Query 989,1777504900.8053079,1777504901.1150813,0.30977344512939453,success,
993,3,Query 993,1777504900.8063078,1777504901.1150813,0.3087735176086426,success,
739,3,Query 739,1777504900.7687273,1777504901.1155968,0.34686946868896484,success,
487,2,Query 487,1777504900.68202,1777504901.1155968,0.4335768222808838,success,
515,2,Query 515,1777504900.6912138,1777504901.1155968,0.42438292503356934,success,
813,3,Query 813,1777504900.8073933,1777504901.1161149,0.30872154235839844,success,
516,3,Query 516,1777504900.7143795,1777504901.1161149,0.4017353057861328,success,
816,3,Query 816,1777504900.7707996,1777504901.1161149,0.34531521797180176,success,
905,3,Query 905,1777504900.8079066,1777504901.1161149,0.3082082271575928,success,
900,3,Query 900,1777504900.8073933,1777504901.1161149,0.30872154235839844,success,
746,3,Query 746,1777504900.7949138,1777504901.1161149,0.3212010860443115,success,
259,1,Query 259,1777504900.6149743,1777504901.1161149,0.5011405944824219,success,
896,3,Query 896,1777504900.8150916,1777504901.1161149,0.3010232448577881,success,
903,3,Query 903,1777504900.7949138,1777504901.1161149,0.3212010860443115,success,
589,2,Query 589,1777504900.7143795,1777504901.1166413,0.40226173400878906,success,
562,3,Query 562,1777504900.7169135,1777504901.1166413,0.39972782135009766,success,
829,3,Query 829,1777504900.7758923,1777504901.1166413,0.34074902534484863,success,
907,3,Query 907,1777504900.8150916,1777504901.1166413,0.30154967308044434,success,
824,3,Query 824,1777504900.7959466,1777504901.1166413,0.3206946849822998,success,
835,3,Query 835,1777504900.816133,1777504901.1171682,0.30103516578674316,success,
922,3,Query 922,1777504900.7964618,1777504901.1171682,0.3207063674926758,success,
252,1,Query 252,1777504900.612965,1777504901.1171682,0.5042030811309814,success,
934,3,Query 934,1777504900.7980258,1777504901.1203215,0.3222956657409668,success,
931,3,Query 931,1777504900.8100576,1777504901.1245558,0.3144981861114502,success,
520,2,Query 520,1777504900.7026515,1777504901.1250856,0.42243409156799316,success,
840,3,Query 840,1777504900.8100576,1777504901.1346233,0.3245656490325928,success,
981,3,Query 981,1777504900.8197985,1777504901.1346233,0.31482481956481934,success,
288,1,Query 288,1777504900.617834,1777504901.1346233,0.5167891979217529,success,
775,3,Query 775,1777504900.8100576,1777504901.1346233,0.3245656490325928,success,
949,3,Query 949,1777504900.8115723,1777504901.1346233,0.32305097579956055,success,
260,1,Query 260,1777504900.6168284,1777504901.1346233,0.5177948474884033,success,
863,3,Query 863,1777504900.8016489,1777504901.1361492,0.3345003128051758,success,
267,1,Query 267,1777504900.6163177,1777504901.1361492,0.5198314189910889,success,
867,3,Query 867,1777504900.8187928,1777504901.1361492,0.3173563480377197,success,
959,3,Query 959,1777504900.8187928,1777504901.1361492,0.3173563480377197,success,
965,3,Query 965,1777504900.812087,1777504901.1361492,0.3240621089935303,success,
790,3,Query 790,1777504900.7625988,1777504901.1361492,0.3735504150390625,success,
826,3,Query 826,1777504900.8150916,1777504901.1361492,0.3210575580596924,success,
665,3,Query 665,1777504900.7265856,1777504901.1361492,0.4095635414123535,success,
532,3,Query 532,1777504900.696004,1777504901.1361492,0.44014525413513184,success,
972,3,Query 972,1777504900.8197985,1777504901.1361492,0.31635069847106934,success,
768,3,Query 768,1777504900.755564,1777504901.1361492,0.3805851936340332,success,
876,3,Query 876,1777504900.812087,1777504901.1361492,0.3240621089935303,success,
668,3,Query 668,1777504900.812087,1777504901.1361492,0.3240621089935303,success,
894,3,Query 894,1777504900.8140936,1777504901.1366725,0.32257890701293945,success,
811,3,Query 811,1777504900.7692404,1777504901.1366725,0.3674321174621582,success,
990,3,Query 990,1777504900.8208337,1777504901.1366725,0.3158388137817383,success,
904,3,Query 904,1777504900.8150916,1777504901.1366725,0.3215808868408203,success,
910,3,Query 910,1777504900.8089151,1777504901.1366725,0.3277573585510254,success,
916,3,Query 916,1777504900.8089151,1777504901.1366725,0.3277573585510254,success,
569,2,Query 569,1777504900.696004,1777504901.1366725,0.44066858291625977,success,
290,1,Query 290,1777504900.619959,1777504901.1366725,0.5167133808135986,success,
279,1,Query 279,1777504900.6234703,1777504901.1366725,0.5132021903991699,success,
930,3,Query 930,1777504900.8228767,1777504901.1366725,0.313795804977417,success,
765,3,Query 765,1777504900.7980258,1777504901.1366725,0.33864665031433105,success,
643,3,Query 643,1777504900.7969995,1777504901.1366725,0.3396730422973633,success,
604,3,Query 604,1777504900.7810466,1777504901.1366725,0.35562586784362793,success,
447,3,Query 447,1777504900.712311,1777504901.1366725,0.4243614673614502,success,
858,3,Query 858,1777504900.7836206,1777504901.1397557,0.35613512992858887,success,
865,3,Query 865,1777504900.812087,1777504901.1397557,0.3276686668395996,success,
954,3,Query 954,1777504900.8016489,1777504901.1397557,0.3381068706512451,success,
786,3,Query 786,1777504900.8021693,1777504901.1397557,0.3375864028930664,success,
969,3,Query 969,1777504900.812087,1777504901.1397557,0.3276686668395996,success,
791,3,Query 791,1777504900.7866993,1777504901.1397557,0.3530564308166504,success,
795,3,Query 795,1777504900.7651505,1777504901.1397557,0.3746051788330078,success,
574,2,Query 574,1777504900.696516,1777504901.1397557,0.443239688873291,success,
991,3,Query 991,1777504900.8063078,1777504901.1397557,0.3334479331970215,success,
899,3,Query 899,1777504900.7943964,1777504901.1397557,0.34535932540893555,success,
296,1,Query 296,1777504900.621472,1777504901.1397557,0.5182838439941406,success,
994,3,Query 994,1777504900.8208337,1777504901.1397557,0.3189220428466797,success,
998,3,Query 998,1777504900.8068137,1777504901.1397557,0.33294200897216797,success,
618,2,Query 618,1777504900.7265856,1777504901.1397557,0.41317009925842285,success,
914,3,Query 914,1777504900.8089151,1777504901.1397557,0.3308405876159668,success,
680,2,Query 680,1777504900.7317889,1777504901.1397557,0.40796685218811035,success,
870,3,Query 870,1777504900.8325346,1777504901.1397557,0.3072211742401123,success,
843,3,Query 843,1777504900.8166502,1777504901.1397557,0.3231055736541748,success,
509,2,Query 509,1777504900.69959,1777504901.1397557,0.44016575813293457,success,
712,3,Query 712,1777504900.8243904,1777504901.1397557,0.3153653144836426,success,
960,3,Query 960,1777504900.8021693,1777504901.1397557,0.3375864028930664,success,
980,3,Query 980,1777504900.8031747,1777504901.1397557,0.3365809917449951,success,
314,1,Query 314,1777504900.6266077,1777504901.1397557,0.5131480693817139,success,
982,3,Query 982,1777504900.8253968,1777504901.1397557,0.3143589496612549,success,
971,3,Query 971,1777504900.8284702,1777504901.1397557,0.31128549575805664,success,
885,3,Query 885,1777504900.8253968,1777504901.1407726,0.31537580490112305,success,
301,1,Query 301,1777504900.6256087,1777504901.1407726,0.5151638984680176,success,
890,3,Query 890,1777504900.8140936,1777504901.1407726,0.326678991317749,success,
997,3,Query 997,1777504900.8068137,1777504901.1407726,0.33395886421203613,success,
691,3,Query 691,1777504900.8264432,1777504901.1407726,0.3143293857574463,success,
687,3,Query 687,1777504900.821354,1777504901.1407726,0.31941866874694824,success,
819,3,Query 819,1777504900.7718046,1777504901.1407726,0.36896800994873047,success,
988,3,Query 988,1777504900.8130918,1777504901.1407726,0.3276808261871338,success,
330,1,Query 330,1777504900.6308823,1777504901.1407726,0.5098903179168701,success,
800,3,Query 800,1777504900.8284702,1777504901.1407726,0.3123023509979248,success,
841,3,Query 841,1777504900.8299854,1777504901.1407726,0.3107872009277344,success,
772,3,Query 772,1777504900.8166502,1777504901.1407726,0.32412242889404297,success,
777,3,Query 777,1777504900.817655,1777504901.1407726,0.3231174945831299,success,
939,3,Query 939,1777504900.8299854,1777504901.1407726,0.3107872009277344,success,
674,3,Query 674,1777504900.7928514,1777504901.1407726,0.34792113304138184,success,
912,3,Query 912,1777504900.821354,1777504901.1412828,0.3199288845062256,success,
622,2,Query 622,1777504900.712311,1777504901.1412828,0.4289717674255371,success,
945,3,Query 945,1777504900.8238852,1777504901.1412828,0.3173975944519043,success,
655,3,Query 655,1777504900.8243904,1777504901.1412828,0.3168923854827881,success,
887,3,Query 887,1777504900.830499,1777504901.1412828,0.31078386306762695,success,
859,3,Query 859,1777504900.817655,1777504901.1412828,0.3236277103424072,success,
983,3,Query 983,1777504900.833045,1777504901.141793,0.3087480068206787,success,
908,3,Query 908,1777504900.8264432,1777504901.1423278,0.3158845901489258,success,
977,3,Query 977,1777504900.8320208,1777504901.1423278,0.31030702590942383,success,
597,2,Query 597,1777504900.705171,1777504901.1428561,0.4376850128173828,success,
602,2,Query 602,1777504900.7066784,1777504901.1428561,0.43617773056030273,success,
623,2,Query 623,1777504900.712311,1777504901.1464863,0.4341752529144287,success,
666,2,Query 666,1777504900.7265856,1777504901.1531498,0.42656421661376953,success,
720,2,Query 720,1777504900.7438045,1777504901.1531498,0.4093453884124756,success,
477,2,Query 477,1777504900.6686857,1777504901.1531498,0.484464168548584,success,
378,1,Query 378,1777504900.6367815,1777504901.1531498,0.5163683891296387,success,
656,2,Query 656,1777504900.7235472,1777504901.1531498,0.42960262298583984,success,
363,1,Query 363,1777504900.6418297,1777504901.1531498,0.5113201141357422,success,
573,2,Query 573,1777504900.7087538,1777504901.1531498,0.4443960189819336,success,
535,2,Query 535,1777504900.686131,1777504901.1531498,0.46701884269714355,success,
335,1,Query 335,1777504900.6318817,1777504901.1531498,0.5212681293487549,success,
648,2,Query 648,1777504900.721518,1777504901.15416,0.43264198303222656,success,
300,1,Query 300,1777504900.6286557,1777504901.15416,0.5255043506622314,success,
584,2,Query 584,1777504900.7291808,1777504901.1551752,0.4259943962097168,success,
0,0,Query 0,1777504900.5473793,1777504901.1551752,0.6077959537506104,success,
381,1,Query 381,1777504900.6428304,1777504901.1551752,0.5123448371887207,success,
405,1,Query 405,1777504900.6480205,1777504901.1551752,0.5071547031402588,success,
337,1,Query 337,1777504900.6393142,1777504901.1551752,0.5158610343933105,success,
306,1,Query 306,1777504900.6448307,1777504901.1551752,0.5103445053100586,success,
10,0,Query 10,1777504900.549667,1777504901.1551752,0.6055083274841309,success,
521,2,Query 521,1777504900.6927297,1777504901.155702,0.46297240257263184,success,
331,1,Query 331,1777504900.6328833,1777504901.155702,0.5228188037872314,success,
18,0,Query 18,1777504900.550701,1777504901.155702,0.6050012111663818,success,
638,2,Query 638,1777504900.7343063,1777504901.155702,0.42139577865600586,success,
641,2,Query 641,1777504900.7184541,1777504901.1562266,0.4377725124359131,success,
26,0,Query 26,1777504900.5527096,1777504901.1562266,0.6035170555114746,success,
353,1,Query 353,1777504900.6338828,1777504901.1562266,0.5223438739776611,success,
34,0,Query 34,1777504900.5537078,1777504901.1603472,0.6066393852233887,success,
696,2,Query 696,1777504900.7366812,1777504901.1624057,0.42572450637817383,success,
762,2,Query 762,1777504900.754051,1777504901.1624057,0.4083547592163086,success,
42,0,Query 42,1777504900.5547078,1777504901.1624057,0.6076979637145996,success,
500,2,Query 500,1777504900.7076848,1777504901.1629229,0.45523810386657715,success,
608,2,Query 608,1777504900.7230406,1777504901.1634426,0.4404020309448242,success,
501,2,Query 501,1777504900.7087538,1777504901.1659913,0.45723748207092285,success,
410,1,Query 410,1777504900.6500492,1777504901.1690536,0.5190043449401855,success,
653,2,Query 653,1777504900.7407074,1777504901.1690536,0.4283461570739746,success,
51,0,Query 51,1777504900.5607479,1777504901.1741185,0.6133706569671631,success,
614,2,Query 614,1777504900.72558,1777504901.1746247,0.44904470443725586,success,
615,2,Query 615,1777504900.7112665,1777504901.1746247,0.46335816383361816,success,
419,1,Query 419,1777504900.6521401,1777504901.1746247,0.522484540939331,success,
443,1,Query 443,1777504900.662772,1777504901.1746247,0.5118527412414551,success,
450,1,Query 450,1777504900.662772,1777504901.1746247,0.5118527412414551,success,
404,1,Query 404,1777504900.654168,1777504901.1746247,0.5204567909240723,success,
59,0,Query 59,1777504900.56405,1777504901.1746247,0.6105747222900391,success,
66,0,Query 66,1777504900.5650513,1777504901.1746247,0.6095733642578125,success,
550,2,Query 550,1777504900.6901753,1777504901.1746247,0.4844493865966797,success,
76,0,Query 76,1777504900.566567,1777504901.1746247,0.6080577373504639,success,
85,0,Query 85,1777504900.568573,1777504901.1751475,0.606574535369873,success,
588,2,Query 588,1777504900.7026515,1777504901.1751475,0.47249603271484375,success,
92,0,Query 92,1777504900.5700777,1777504901.1751475,0.6050698757171631,success,
101,0,Query 101,1777504900.5727878,1777504901.1751475,0.6023597717285156,success,
752,2,Query 752,1777504900.7494578,1777504901.1751475,0.425689697265625,success,
689,2,Query 689,1777504900.7514799,1777504901.1771846,0.4257047176361084,success,
637,2,Query 637,1777504900.7164016,1777504901.1771846,0.4607830047607422,success,
462,1,Query 462,1777504900.6650665,1777504901.1771846,0.5121181011199951,success,
109,0,Query 109,1777504900.5748024,1777504901.1771846,0.6023821830749512,success,
830,2,Query 830,1777504900.7758923,1777504901.178714,0.40282177925109863,success,
692,2,Query 692,1777504900.7356746,1777504901.179727,0.44405245780944824,success,
117,0,Query 117,1777504900.5785096,1777504901.179727,0.60121750831604,success,
470,1,Query 470,1777504900.667169,1777504901.179727,0.5125579833984375,success,
398,1,Query 398,1777504900.6468296,1777504901.1868827,0.540053129196167,success,
125,0,Query 125,1777504900.5805159,1777504901.1868827,0.6063668727874756,success,
700,2,Query 700,1777504900.7371855,1777504901.1868827,0.44969725608825684,success,
133,0,Query 133,1777504900.582117,1777504901.1868827,0.6047656536102295,success,
369,1,Query 369,1777504900.68202,1777504901.1868827,0.5048627853393555,success,
856,2,Query 856,1777504900.7831063,1777504901.1868827,0.4037764072418213,success,
471,2,Query 471,1777504900.6784844,1777504901.1868827,0.5083982944488525,success,
142,0,Query 142,1777504900.5831053,1777504901.1873944,0.6042890548706055,success,
657,2,Query 657,1777504900.75975,1777504901.1873944,0.4276444911956787,success,
789,2,Query 789,1777504900.7625988,1777504901.1873944,0.42479562759399414,success,
660,2,Query 660,1777504900.75975,1777504901.1873944,0.4276444911956787,success,
531,1,Query 531,1777504900.6856194,1777504901.1873944,0.5017750263214111,success,
152,0,Query 152,1777504900.5851104,1777504901.1873944,0.6022839546203613,success,
475,1,Query 475,1777504900.6794834,1777504901.1873944,0.507910966873169,success,
417,1,Query 417,1777504900.661258,1777504901.1873944,0.5261363983154297,success,
480,1,Query 480,1777504900.6697314,1777504901.188401,0.518669605255127,success,
159,0,Query 159,1777504900.5866153,1777504901.188401,0.6017856597900391,success,
578,2,Query 578,1777504900.698555,1777504901.188401,0.48984599113464355,success,
165,0,Query 165,1777504900.5876245,1777504901.1889057,0.6012811660766602,success,
794,2,Query 794,1777504900.7646308,1777504901.1899116,0.4252808094024658,success,
512,1,Query 512,1777504900.681015,1777504901.1909637,0.50994873046875,success,
797,2,Query 797,1777504900.7897966,1777504901.1914816,0.4016849994659424,success,
175,0,Query 175,1777504900.5896454,1777504901.1914816,0.6018362045288086,success,
184,0,Query 184,1777504900.59267,1777504901.1939924,0.6013224124908447,success,
585,2,Query 585,1777504900.701623,1777504901.1939924,0.4923694133758545,success,
895,2,Query 895,1777504900.7938852,1777504901.1945124,0.40062713623046875,success,
808,2,Query 808,1777504900.7687273,1777504901.1945124,0.4257850646972656,success,
737,2,Query 737,1777504900.7473955,1777504901.1945124,0.4471168518066406,success,
675,2,Query 675,1777504900.7302783,1777504901.1950293,0.4647510051727295,success,
743,2,Query 743,1777504900.7484288,1777504901.1955397,0.4471108913421631,success,
191,0,Query 191,1777504900.5951822,1777504901.1960502,0.6008679866790771,success,
376,1,Query 376,1777504900.6769435,1777504901.1960502,0.5191066265106201,success,
818,2,Query 818,1777504900.7954354,1777504901.1965685,0.40113306045532227,success,
911,2,Query 911,1777504900.7959466,1777504901.1970844,0.4011378288269043,success,
917,2,Query 917,1777504900.7964618,1777504901.1970844,0.4006226062774658,success,
839,2,Query 839,1777504900.7789838,1777504901.198119,0.41913509368896484,success,
505,1,Query 505,1777504900.6866431,1777504901.1986308,0.5119876861572266,success,
842,2,Query 842,1777504900.780015,1777504901.1991496,0.41913461685180664,success,
373,1,Query 373,1777504900.6567152,1777504901.2088323,0.552117109298706,success,
201,0,Query 201,1777504900.5966876,1777504901.2088323,0.6121447086334229,success,
211,0,Query 211,1777504900.5997016,1777504901.2088323,0.6091306209564209,success,
403,1,Query 403,1777504900.6722772,1777504901.2088323,0.5365550518035889,success,
227,0,Query 227,1777504900.600725,1777504901.2088323,0.608107328414917,success,
552,1,Query 552,1777504900.6906965,1777504901.2088323,0.5181357860565186,success,
659,2,Query 659,1777504900.7422817,1777504901.209344,0.46706223487854004,success,
557,1,Query 557,1777504900.7026515,1777504901.209344,0.5066924095153809,success,
793,2,Query 793,1777504900.7882495,1777504901.209344,0.4210944175720215,success,
491,1,Query 491,1777504900.6748676,1777504901.209344,0.5344762802124023,success,
233,0,Query 233,1777504900.6037302,1777504901.209344,0.6056137084960938,success,
979,2,Query 979,1777504900.8031747,1777504901.209344,0.40616917610168457,success,
987,2,Query 987,1777504900.8053079,1777504901.209344,0.4040360450744629,success,
209,0,Query 209,1777504900.598704,1777504901.209344,0.6106398105621338,success,
884,2,Query 884,1777504900.7913246,1777504901.209344,0.41801929473876953,success,
812,2,Query 812,1777504900.769761,1777504901.209344,0.43958282470703125,success,
817,2,Query 817,1777504900.7718046,1777504901.209344,0.43753933906555176,success,
242,0,Query 242,1777504900.6077883,1777504901.209867,0.6020786762237549,success,
663,2,Query 663,1777504900.7861884,1777504901.209867,0.4236786365509033,success,
827,2,Query 827,1777504900.774378,1777504901.210378,0.43599987030029297,success,
438,1,Query 438,1777504900.7102602,1777504901.2108884,0.5006282329559326,success,
837,2,Query 837,1777504900.8100576,1777504901.2108884,0.4008307456970215,success,
924,2,Query 924,1777504900.7969995,1777504901.2108884,0.41388893127441406,success,
701,2,Query 701,1777504900.755564,1777504901.211404,0.4558401107788086,success,
937,2,Query 937,1777504900.7985349,1777504901.211404,0.4128692150115967,success,
771,2,Query 771,1777504900.7815657,1777504901.2119167,0.43035101890563965,success,
952,2,Query 952,1777504900.8016489,1777504901.212429,0.4107801914215088,success,
785,2,Query 785,1777504900.8021693,1777504901.2129405,0.41077113151550293,success,
716,2,Query 716,1777504900.8016489,1777504901.2129405,0.41129159927368164,success,
508,2,Query 508,1777504900.7438045,1777504901.2134516,0.4696471691131592,success,
872,2,Query 872,1777504900.812087,1777504901.2134516,0.4013645648956299,success,
781,2,Query 781,1777504900.812087,1777504901.2134516,0.4013645648956299,success,
734,2,Query 734,1777504900.7463753,1777504901.2144856,0.4681103229522705,success,
549,1,Query 549,1777504900.7133172,1777504901.2144856,0.5011684894561768,success,
901,2,Query 901,1777504900.7943964,1777504901.2160995,0.4217031002044678,success,
933,2,Query 933,1777504900.7975106,1777504901.2176301,0.4201195240020752,success,
257,0,Query 257,1777504900.6154296,1777504901.2176301,0.6022005081176758,success,
942,2,Query 942,1777504900.7985349,1777504901.2181742,0.41963934898376465,success,
273,0,Query 273,1777504900.6168284,1777504901.2181742,0.6013457775115967,success,
595,1,Query 595,1777504900.704163,1777504901.2187657,0.5146026611328125,success,
850,2,Query 850,1777504900.8100576,1777504901.2187657,0.4087080955505371,success,
429,1,Query 429,1777504900.684078,1777504901.2187657,0.5346877574920654,success,
967,2,Query 967,1777504900.8021693,1777504901.2198129,0.41764354705810547,success,
251,0,Query 251,1777504900.6119654,1777504901.2198129,0.6078474521636963,success,
964,2,Query 964,1777504900.812087,1777504901.2203205,0.4082334041595459,success,
730,2,Query 730,1777504900.7651505,1777504901.2208946,0.45574402809143066,success,
281,0,Query 281,1777504900.617834,1777504901.2208946,0.6030604839324951,success,
986,2,Query 986,1777504900.8130918,1777504901.2208946,0.4078028202056885,success,
889,2,Query 889,1777504900.7923408,1777504901.2214365,0.4290957450866699,success,
568,1,Query 568,1777504900.7066784,1777504901.2214365,0.5147581100463867,success,
745,2,Query 745,1777504900.8150916,1777504901.221971,0.4068794250488281,success,
999,2,Query 999,1777504900.8068137,1777504901.221971,0.4151573181152344,success,
749,2,Query 749,1777504900.7494578,1777504901.2225053,0.47304749488830566,success,
913,2,Query 913,1777504900.8089151,1777504901.2230422,0.4141271114349365,success,
292,0,Query 292,1777504900.6224716,1777504901.2235754,0.6011037826538086,success,
284,0,Query 284,1777504900.619959,1777504901.2235754,0.6036162376403809,success,
831,2,Query 831,1777504900.7964618,1777504901.2235754,0.42711353302001953,success,
767,2,Query 767,1777504900.8166502,1777504901.2248583,0.40820813179016113,success,
708,2,Query 708,1777504900.7582326,1777504901.2248583,0.4666256904602051,success,
715,2,Query 715,1777504900.7841344,1777504901.2253933,0.44125890731811523,success,
572,1,Query 572,1777504900.696516,1777504901.2253933,0.5288772583007812,success,
610,1,Query 610,1777504900.7235472,1777504901.2253933,0.5018460750579834,success,
851,2,Query 851,1777504900.7825956,1777504901.2253933,0.4427976608276367,success,
619,2,Query 619,1777504900.8187928,1777504901.2259512,0.40715837478637695,success,
974,2,Query 974,1777504900.8031747,1777504901.2259512,0.422776460647583,success,
804,2,Query 804,1777504900.8197985,1777504901.2265186,0.4067201614379883,success,
992,2,Query 992,1777504900.8063078,1777504901.2265186,0.4202108383178711,success,
684,2,Query 684,1777504900.7343063,1777504901.227069,0.49276256561279297,success,
815,2,Query 815,1777504900.821354,1777504901.227069,0.4057149887084961,success,
925,2,Query 925,1777504900.8228767,1777504901.2276058,0.40472912788391113,success,
544,1,Query 544,1777504900.699076,1777504901.2281694,0.5290935039520264,success,
948,2,Query 948,1777504900.800615,1777504901.2287083,0.42809319496154785,success,
946,2,Query 946,1777504900.817655,1777504901.2287083,0.4110531806945801,success,
699,2,Query 699,1777504900.8100576,1777504901.2287083,0.41865062713623047,success,
802,2,Query 802,1777504900.766183,1777504901.2297466,0.4635636806488037,success,
807,2,Query 807,1777504900.8068137,1777504901.2297466,0.42293286323547363,success,
918,2,Query 918,1777504900.8150916,1777504901.230261,0.41516947746276855,success,
551,1,Query 551,1777504900.7011027,1777504901.230261,0.529158353805542,success,
310,0,Query 310,1777504900.6256087,1777504901.2308755,0.605266809463501,success,
774,2,Query 774,1777504900.8238852,1777504901.2308755,0.40699028968811035,success,
902,2,Query 902,1777504900.8253968,1777504901.2308755,0.40547871589660645,success,
787,2,Query 787,1777504900.8284702,1777504901.2314293,0.40295910835266113,success,
893,2,Query 893,1777504900.8140936,1777504901.2319546,0.4178609848022461,success,
957,2,Query 957,1777504900.8187928,1777504901.232491,0.4136981964111328,success,
877,2,Query 877,1777504900.830499,1777504901.232491,0.4019920825958252,success,
681,2,Query 681,1777504900.8079066,1777504901.233027,0.42512035369873047,success,
318,0,Query 318,1777504900.6276498,1777504901.233027,0.605377197265625,success,
879,2,Query 879,1777504900.8253968,1777504901.233559,0.40816211700439453,success,
327,0,Query 327,1777504900.6296556,1777504901.233559,0.6039032936096191,success,
926,2,Query 926,1777504900.8325346,1777504901.234102,0.4015674591064453,success,
928,2,Query 928,1777504900.8299854,1777504901.2346377,0.40465235710144043,success,
326,0,Query 326,1777504900.6318817,1777504901.2356858,0.6038041114807129,success,
358,0,Query 358,1777504900.6348836,1777504901.2419508,0.6070671081542969,success,
609,1,Query 609,1777504900.7087538,1777504901.2419508,0.5331969261169434,success,
539,1,Query 539,1777504900.725066,1777504901.2436495,0.5185835361480713,success,
543,1,Query 543,1777504900.7265856,1777504901.2453113,0.5187256336212158,success,
671,1,Query 671,1777504900.7291808,1777504901.247606,0.5184252262115479,success,
731,1,Query 731,1777504900.7463753,1777504901.247606,0.5012307167053223,success,
747,1,Query 747,1777504900.7489398,1777504901.2499495,0.5010097026824951,success,
754,1,Query 754,1777504900.7504628,1777504901.2513368,0.5008740425109863,success,
365,0,Query 365,1777504900.6418297,1777504901.2519412,0.6101114749908447,success,
639,1,Query 639,1777504900.7184541,1777504901.2525132,0.5340590476989746,success,
397,0,Query 397,1777504900.6468296,1777504901.2525132,0.6056835651397705,success,
693,1,Query 693,1777504900.7356746,1777504901.2551367,0.5194621086120605,success,
601,1,Query 601,1777504900.7194617,1777504901.2557359,0.5362741947174072,success,
705,1,Query 705,1777504900.7386985,1777504901.2581518,0.5194532871246338,success,
703,1,Query 703,1777504900.7565937,1777504901.2581518,0.5015580654144287,success,
714,1,Query 714,1777504900.7422817,1777504901.2619271,0.5196454524993896,success,
368,0,Query 368,1777504900.6393142,1777504901.265672,0.6263577938079834,success,
425,0,Query 425,1777504900.654686,1777504901.265672,0.6109859943389893,success,
627,1,Query 627,1777504900.7667007,1777504901.268477,0.5017762184143066,success,
437,0,Query 437,1777504900.667169,1777504901.2690716,0.6019024848937988,success,
348,0,Query 348,1777504900.6338828,1777504901.2696507,0.635767936706543,success,
440,0,Query 440,1777504900.661258,1777504901.2709014,0.6096434593200684,success,
632,1,Query 632,1777504900.7143795,1777504901.2719862,0.5576066970825195,success,
458,1,Query 458,1777504900.6927297,1777504901.2724962,0.5797665119171143,success,
636,1,Query 636,1777504900.7332995,1777504901.2746894,0.5413899421691895,success,
453,0,Query 453,1777504900.6637793,1777504901.2752378,0.6114585399627686,success,
370,0,Query 370,1777504900.6495266,1777504901.2762527,0.6267261505126953,success,
464,1,Query 464,1777504900.7343063,1777504901.276765,0.5424587726593018,success,
760,1,Query 760,1777504900.7768989,1777504901.2790437,0.5021448135375977,success,
415,0,Query 415,1777504900.650605,1777504901.2790437,0.6284387111663818,success,
484,0,Query 484,1777504900.672801,1777504901.2828498,0.610048770904541,success,
384,0,Query 384,1777504900.6438298,1777504901.2834492,0.6396193504333496,success,
779,1,Query 779,1777504900.75975,1777504901.284562,0.5248122215270996,success,
416,0,Query 416,1777504900.6784844,1777504901.286788,0.6083035469055176,success,
542,1,Query 542,1777504900.7625988,1777504901.2874186,0.5248198509216309,success,
788,1,Query 788,1777504900.7438045,1777504901.2874186,0.5436141490936279,success,
459,0,Query 459,1777504900.6835632,1777504901.2933028,0.6097395420074463,success,
493,0,Query 493,1777504900.6758742,1777504901.2938712,0.6179969310760498,success,
677,1,Query 677,1777504900.7943964,1777504901.294975,0.5005786418914795,success,
682,1,Query 682,1777504900.7949138,1777504901.296395,0.501481294631958,success,
755,1,Query 755,1777504900.774378,1777504901.2969582,0.5225801467895508,success,
504,0,Query 504,1777504900.6866431,1777504901.2986674,0.6120243072509766,success,
498,1,Query 498,1777504900.6954916,1777504901.2997124,0.6042208671569824,success,
848,1,Query 848,1777504900.7820797,1777504901.3010314,0.5189516544342041,success,
555,0,Query 555,1777504900.7021418,1777504901.3032863,0.601144552230835,success,
799,1,Query 799,1777504900.790319,1777504901.3063905,0.5160715579986572,success,
466,0,Query 466,1777504900.6661313,1777504901.3074408,0.6413094997406006,success,
630,1,Query 630,1777504900.7302783,1777504901.3079977,0.5777194499969482,success,
629,1,Query 629,1777504900.7479162,1777504901.308531,0.560614824295044,success,
748,1,Query 748,1777504900.7707996,1777504901.308531,0.537731409072876,success,
605,0,Query 605,1777504900.7076848,1777504901.309209,0.6015243530273438,success,
836,1,Query 836,1777504900.753021,1777504901.3108535,0.5578324794769287,success,
921,1,Query 921,1777504900.8089151,1777504901.3108535,0.5019383430480957,success,
697,1,Query 697,1777504900.780015,1777504901.3114984,0.5314834117889404,success,
944,1,Query 944,1777504900.799544,1777504901.3114984,0.5119543075561523,success,
776,1,Query 776,1777504900.7825956,1777504901.3120308,0.5294351577758789,success,
579,0,Query 579,1777504900.7112665,1777504901.3126464,0.6013798713684082,success,
950,1,Query 950,1777504900.8011374,1777504901.3126464,0.5115089416503906,success,
864,1,Query 864,1777504900.7851615,1777504901.3126464,0.5274848937988281,success,
874,1,Query 874,1777504900.787734,1777504901.3132036,0.5254695415496826,success,
620,1,Query 620,1777504900.7112665,1777504901.3132036,0.6019370555877686,success,
725,1,Query 725,1777504900.7625988,1777504901.3132036,0.5506048202514648,success,
547,0,Query 547,1777504900.681015,1777504901.313756,0.6327409744262695,success,
976,1,Query 976,1777504900.8031747,1777504901.313756,0.5105812549591064,success,
670,1,Query 670,1777504900.7656693,1777504901.3142886,0.548619270324707,success,
880,1,Query 880,1777504900.8130918,1777504901.3142886,0.5011968612670898,success,
806,1,Query 806,1777504900.8063078,1777504901.3149347,0.5086269378662109,success,
805,1,Query 805,1777504900.7923408,1777504901.3149347,0.5225939750671387,success,
909,1,Query 909,1777504900.8150916,1777504901.3165007,0.5014090538024902,success,
825,1,Query 825,1777504900.7959466,1777504901.3165007,0.5205540657043457,success,
832,1,Query 832,1777504900.7964618,1777504901.317083,0.5206210613250732,success,
927,1,Query 927,1777504900.7969995,1777504901.317083,0.5200834274291992,success,
936,1,Query 936,1777504900.7980258,1777504901.3260777,0.5280518531799316,success,
711,1,Query 711,1777504900.8115723,1777504901.335964,0.5243916511535645,success,
871,1,Query 871,1777504900.8021693,1777504901.335964,0.533794641494751,success,
596,0,Query 596,1777504900.704163,1777504901.335964,0.6318008899688721,success,
966,1,Query 966,1777504900.812087,1777504901.336471,0.5243840217590332,success,
566,0,Query 566,1777504900.6949766,1777504901.336471,0.6414945125579834,success,
996,1,Query 996,1777504900.8208337,1777504901.3370223,0.5161886215209961,success,
809,1,Query 809,1777504900.8140936,1777504901.3370223,0.5229287147521973,success,
433,0,Query 433,1777504900.658745,1777504901.3375552,0.6788101196289062,success,
820,1,Query 820,1777504900.8079066,1777504901.3375552,0.5296485424041748,success,
612,0,Query 612,1777504900.7087538,1777504901.340093,0.6313390731811523,success,
784,1,Query 784,1777504900.8016489,1777504901.340093,0.5384440422058105,success,
845,1,Query 845,1777504900.8238852,1777504901.3406477,0.5167624950408936,success,
956,1,Query 956,1777504900.8243904,1777504901.3406477,0.5162572860717773,success,
810,1,Query 810,1777504900.8068137,1777504901.3406477,0.5338339805603027,success,
732,1,Query 732,1777504900.8053079,1777504901.3406477,0.5353398323059082,success,
564,1,Query 564,1777504900.8264432,1777504901.3406477,0.5142045021057129,success,
875,1,Query 875,1777504900.8197985,1777504901.3406477,0.5208492279052734,success,
955,1,Query 955,1777504900.8187928,1777504901.3411772,0.5223844051361084,success,
753,1,Query 753,1777504900.8284702,1777504901.3411772,0.512706995010376,success,
770,1,Query 770,1777504900.8166502,1777504901.3411772,0.5245270729064941,success,
844,1,Query 844,1777504900.8100576,1777504901.341702,0.531644344329834,success,
695,1,Query 695,1777504900.830499,1777504901.341702,0.5112030506134033,success,
592,0,Query 592,1777504900.7164016,1777504901.3427145,0.6263129711151123,success,
528,0,Query 528,1777504900.685108,1777504901.3444285,0.659320592880249,success,
617,0,Query 617,1777504900.72558,1777504901.353893,0.6283130645751953,success,
686,0,Query 686,1777504900.7343063,1777504901.3560069,0.6217005252838135,success,
742,0,Query 742,1777504900.7479162,1777504901.3560069,0.6080906391143799,success,
424,0,Query 424,1777504900.6912138,1777504901.3560069,0.6647930145263672,success,
645,0,Query 645,1777504900.719966,1777504901.3570454,0.6370794773101807,success,
580,0,Query 580,1777504900.69959,1777504901.3753784,0.675788402557373,success,
719,0,Query 719,1777504900.7422817,1777504901.3753784,0.6330966949462891,success,
678,0,Query 678,1777504900.7312841,1777504901.3759027,0.6446185111999512,success,
823,0,Query 823,1777504900.774378,1777504901.3764188,0.6020407676696777,success,
759,0,Query 759,1777504900.753021,1777504901.3799856,0.6269645690917969,success,
476,0,Query 476,1777504900.75975,1777504901.3880155,0.6282656192779541,success,
536,0,Query 536,1777504900.696516,1777504901.3880155,0.6914994716644287,success,
846,0,Query 846,1777504900.7815657,1777504901.3880155,0.6064498424530029,success,
538,0,Query 538,1777504900.7235472,1777504901.3880155,0.6644682884216309,success,
792,0,Query 792,1777504900.7625988,1777504901.3885648,0.6259660720825195,success,
868,0,Query 868,1777504900.7861884,1777504901.3885648,0.6023764610290527,success,
796,0,Query 796,1777504900.7892807,1777504901.3907318,0.6014511585235596,success,
751,0,Query 751,1777504900.7494578,1777504901.396516,0.6470582485198975,success,
838,0,Query 838,1777504900.7784674,1777504901.398203,0.6197354793548584,success,
694,0,Query 694,1777504900.7356746,1777504901.398203,0.6625282764434814,success,
932,0,Query 932,1777504900.7975106,1777504901.3988028,0.6012921333312988,success,
941,0,Query 941,1777504900.7985349,1777504901.3994215,0.6008865833282471,success,
707,0,Query 707,1777504900.7582326,1777504901.4090488,0.6508162021636963,success,
672,0,Query 672,1777504900.766183,1777504901.4096158,0.6434328556060791,success,
651,0,Query 651,1777504900.7397125,1777504901.4096158,0.6699032783508301,success,
855,0,Query 855,1777504900.7831063,1777504901.4096158,0.626509428024292,success,
822,0,Query 822,1777504900.7954354,1777504901.4096158,0.614180326461792,success,
814,0,Query 814,1777504900.8073933,1777504901.4102468,0.602853536605835,success,
888,0,Query 888,1777504900.7923408,1777504901.4102468,0.6179060935974121,success,
583,0,Query 583,1777504900.728174,1777504901.4102468,0.6820728778839111,success,
757,0,Query 757,1777504900.7964618,1777504901.4102468,0.6137850284576416,success,
951,0,Query 951,1777504900.8011374,1777504901.4130177,0.6118803024291992,success,
729,0,Query 729,1777504900.7458627,1777504901.4146607,0.6687979698181152,success,
626,0,Query 626,1777504900.7133172,1777504901.4146607,0.7013435363769531,success,
883,0,Query 883,1777504900.8043013,1777504901.4146607,0.6103594303131104,success,
892,0,Query 892,1777504900.8068137,1777504901.4152265,0.6084127426147461,success,
947,0,Query 947,1777504900.8100576,1777504901.418511,0.6084532737731934,success,
985,0,Query 985,1777504900.8130918,1777504901.4211402,0.6080484390258789,success,
898,0,Query 898,1777504900.8150916,1777504901.4221642,0.6070725917816162,success,
961,0,Query 961,1777504900.8021693,1777504901.4256225,0.6234531402587891,success,
984,0,Query 984,1777504900.8197985,1777504901.4262214,0.6064229011535645,success,
679,0,Query 679,1777504900.7943964,1777504901.426802,0.6324055194854736,success,
923,0,Query 923,1777504900.8089151,1777504901.4273815,0.6184663772583008,success,
929,0,Query 929,1777504900.816133,1777504901.42793,0.6117970943450928,success,
953,0,Query 953,1777504900.8187928,1777504901.4295974,0.610804557800293,success,
740,0,Query 740,1777504900.769761,1777504901.4302437,0.66048264503479,success,
920,0,Query 920,1777504900.8228767,1777504901.4307883,0.6079115867614746,success,
780,0,Query 780,1777504900.830499,1777504901.4314036,0.6009047031402588,success,
962,0,Query 962,1777504900.812087,1777504901.4314036,0.619316577911377,success,
963,0,Query 963,1777504900.8284702,1777504901.4314036,0.602933406829834,success,
973,0,Query 973,1777504900.8031747,1777504901.4314036,0.6282289028167725,success,
968,0,Query 968,1777504900.8243904,1777504901.4345157,0.6101253032684326,success,
